Ticket_ID,Subject,Description,Category,Priority
TKT-00001,Urgent: Can you provide a comparison between the Pro and Ent...,Urgent: Can you provide a comparison between the Pro and Enterprise tiers? FYI — ,General Inquiry,Medium
TKT-00002,Where can I find your community forum or user group?,Where can I find your community forum or user group?,General Inquiry,Low
TKT-00003,"By the way, Why was I charged a different amount than what's...","By the way, Why was I charged a different amount than what's shown on the pricing page? Thanks in advance. ",Billing,Medium
TKT-00004,We are evaluating your product for a 5000-seat enterprise de...,We are evaluating your product for a 5000-seat enterprise deal. Need info ASAP.,General Inquiry,High
TKT-00005,Appreciate your help. Can I provide feedback on a recent sup...,Appreciate your help. Can I provide feedback on a recent support interaction? We've been waiting for days. ,General Inquiry,Low
TKT-00006,Unauthorized charge on my account. I did not authorize this ...,Unauthorized charge on my account. I did not authorize this transaction at all.,Billing,High
TKT-00007,Is there a student discount available for the premium plan?,Is there a student discount available for the premium plan?,Billing,Low
TKT-00008,We've been waiting for days. Why was I charged a different a...,We've been waiting for days. Why was I charged a different amount than what's shown on the pricing page?,Billing,Medium
TKT-00009,The dashboard loads very slowly — takes over 30 seconds ever...,The dashboard loads very slowly — takes over 30 seconds every time.,Technical,Medium
TKT-00010,Someone changed my email address on file. I think my account...,Someone changed my email address on file. I think my account was hacked.,Account Access,High
TKT-00011,Legal team requires your updated data processing agreement w...,Legal team requires your updated data processing agreement within 24 hours.,General Inquiry,High
TKT-00012,I cancelled my plan last week but was still charged the full...,I cancelled my plan last week but was still charged the full annual fee today.,Billing,High
TKT-00013,"Dear support, Critical data loss after the latest update. We...","Dear support, Critical data loss after the latest update. We need recovery immediately.",Technical,High
TKT-00014,Please note: Can you add keyboard shortcuts for the most com...,Please note: Can you add keyboard shortcuts for the most common actions?,Technical,Low
TKT-00015,Where can I find your community forum or user group? This is...,Where can I find your community forum or user group? This is really frustrating. ,General Inquiry,Low
TKT-00016,Server returns 500 error on every API call since this mornin...,Server returns 500 error on every API call since this morning. Production blocked. Please prioritize this. ,Technical,High
TKT-00017,Is there an API rate-limit increase available for our curren...,Is there an API rate-limit increase available for our current plan?,General Inquiry,Medium
TKT-00018,I cancelled my plan last week but was still charged the full...,I cancelled my plan last week but was still charged the full annual fee today.,Billing,High
TKT-00019,Please prioritize this. Account suspended without explanatio...,Please prioritize this. Account suspended without explanation. I have a client demo in one hour!,Account Access,High
TKT-00020,"Dear support, Is there a mobile app available for Android?","Dear support, Is there a mobile app available for Android?",General Inquiry,Low
TKT-00021,FYI — Do you have case studies from companies in the healthc...,FYI — Do you have case studies from companies in the healthcare sector? Thanks in advance. ,General Inquiry,Medium
TKT-00022,What are the password complexity requirements?,What are the password complexity requirements?,Account Access,Low
TKT-00023,FYI — Executive sponsor wants a migration timeline document ...,FYI — Executive sponsor wants a migration timeline document before signing the PO.,General Inquiry,High
TKT-00024,Can you explain the extra fee on my latest invoice? FYI — ,Can you explain the extra fee on my latest invoice? FYI — ,Billing,Medium
TKT-00025,Can we get a dedicated account manager for our organization?,Can we get a dedicated account manager for our organization?,General Inquiry,Medium
TKT-00026,The SLA breach count has exceeded the threshold. Requesting ...,The SLA breach count has exceeded the threshold. Requesting formal review.,General Inquiry,High
TKT-00027,My credit card was billed $500 instead of $50. This is urgen...,"My credit card was billed $500 instead of $50. This is urgent, please fix now!",Billing,High
TKT-00028,"Hi team, File uploads fail silently when the file size excee...","Hi team, File uploads fail silently when the file size exceeds 10 MB. Also, ",Technical,Medium
TKT-00029,What are your customer support hours on weekends?,What are your customer support hours on weekends?,General Inquiry,Low
TKT-00030,Can I change the display name shown on my profile? Looking f...,Can I change the display name shown on my profile? Looking forward to a quick resolution. ,Account Access,Low
TKT-00031,Hoping someone can assist. Is there an option to set a profi...,Hoping someone can assist. Is there an option to set a profile picture? Hoping someone can assist. ,Account Access,Low
TKT-00032,Where can I find my account ID or customer number?,Where can I find my account ID or customer number?,Account Access,Low
TKT-00033,The discount I was promised during sign-up isn't reflected o...,The discount I was promised during sign-up isn't reflected on my bill.,Billing,Medium
TKT-00034,Please prioritize this. Push notifications are delayed by se...,Please prioritize this. Push notifications are delayed by several hours on the mobile app.,Technical,Medium
TKT-00035,I'd like to switch from monthly to annual billing. What are ...,I'd like to switch from monthly to annual billing. What are the steps?,Billing,Medium
TKT-00036,"Dear support, How do I view my login history for security re...","Dear support, How do I view my login history for security review?",Account Access,Low
TKT-00037,Can I get a breakdown of charges for the last six months?,Can I get a breakdown of charges for the last six months?,Billing,Low
TKT-00038,Integration with our CRM completely broke after your last de...,Integration with our CRM completely broke after your last deployment.,Technical,High
TKT-00039,What is the process for submitting a feature request?,What is the process for submitting a feature request?,General Inquiry,Medium
TKT-00040,"Hello, Need a copy of my invoice from last quarter for tax p...","Hello, Need a copy of my invoice from last quarter for tax purposes. Thanks in advance. ",Billing,Medium
TKT-00041,This is really frustrating. Integration with our CRM complet...,This is really frustrating. Integration with our CRM completely broke after your last deployment.,Technical,High
TKT-00042,Critical data loss after the latest update. We need recovery...,Critical data loss after the latest update. We need recovery immediately.,Technical,High
TKT-00043,"Dear support, Need a copy of my invoice from last quarter fo...","Dear support, Need a copy of my invoice from last quarter for tax purposes. FYI — ",Billing,Medium
TKT-00044,"Dear support, Where can I read your terms of service and pri...","Dear support, Where can I read your terms of service and privacy policy?",General Inquiry,Low
TKT-00045,"Hi team, Critical data loss after the latest update. We need...","Hi team, Critical data loss after the latest update. We need recovery immediately.",Technical,High
TKT-00046,Unauthorized login detected from a foreign IP. Lock my accou...,Unauthorized login detected from a foreign IP. Lock my account immediately. Looking forward to a quick resolution. ,Account Access,High
TKT-00047,This is really frustrating. Can you provide a comparison bet...,This is really frustrating. Can you provide a comparison between the Pro and Enterprise tiers?,General Inquiry,Medium
TKT-00048,Thanks in advance. Need a copy of my invoice from last quart...,Thanks in advance. Need a copy of my invoice from last quarter for tax purposes.,Billing,Medium
TKT-00049,Please note: I'm completely locked out after too many failed...,Please note: I'm completely locked out after too many failed login attempts. Please unlock.,Account Access,High
TKT-00050,I want to downgrade my plan. Will I receive a prorated refun...,I want to downgrade my plan. Will I receive a prorated refund?,Billing,Medium
TKT-00051,Can you explain the extra fee on my latest invoice?,Can you explain the extra fee on my latest invoice?,Billing,Medium
TKT-00052,My credit card was billed $500 instead of $50. This is urgen...,"My credit card was billed $500 instead of $50. This is urgent, please fix now!",Billing,High
TKT-00053,How do I set up automatic payments for my subscription? Hi t...,"How do I set up automatic payments for my subscription? Hi team, ",Billing,Low
TKT-00054,"Hi team, Unauthorized charge on my account. I did not author...","Hi team, Unauthorized charge on my account. I did not authorize this transaction at all. Hoping someone can assist. ",Billing,High
TKT-00055,"My session keeps expiring every few minutes, forcing me to r...","My session keeps expiring every few minutes, forcing me to re-login.",Account Access,Medium
TKT-00056,Urgent: Where do I manage email notification preferences? Al...,"Urgent: Where do I manage email notification preferences? Also, ",Account Access,Low
TKT-00057,We are evaluating your product for a 5000-seat enterprise de...,We are evaluating your product for a 5000-seat enterprise deal. Need info ASAP. Appreciate your help. ,General Inquiry,High
TKT-00058,Thanks in advance. I need to transfer ownership of this acco...,Thanks in advance. I need to transfer ownership of this account to a colleague. FYI — ,Account Access,Medium
TKT-00059,I'd like to switch from monthly to annual billing. What are ...,"I'd like to switch from monthly to annual billing. What are the steps? By the way, ",Billing,Medium
TKT-00060,Need an emergency meeting with your solutions architect befo...,"Need an emergency meeting with your solutions architect before our board call. By the way, ",General Inquiry,High
TKT-00061,My admin privileges were revoked and I can no longer manage ...,My admin privileges were revoked and I can no longer manage our team. This is really frustrating. ,Account Access,High
TKT-00062,FYI — The mobile app icon looks blurry on high-resolution sc...,FYI — The mobile app icon looks blurry on high-resolution screens.,Technical,Low
TKT-00063,Hoping someone can assist. Two-factor authentication emails ...,Hoping someone can assist. Two-factor authentication emails are arriving with a 15-minute delay.,Technical,Medium
TKT-00064,Subscription auto-renewed after I explicitly opted out. Refu...,Subscription auto-renewed after I explicitly opted out. Refund required urgently.,Billing,High
TKT-00065,I'd like to switch from monthly to annual billing. What are ...,I'd like to switch from monthly to annual billing. What are the steps?,Billing,Medium
TKT-00066,Do you offer any nonprofit pricing or special plans?,Do you offer any nonprofit pricing or special plans?,Billing,Low
TKT-00067,We've been waiting for days. Would love an option to customi...,We've been waiting for days. Would love an option to customize the color theme of the interface.,Technical,Low
TKT-00068,The dashboard loads very slowly — takes over 30 seconds ever...,The dashboard loads very slowly — takes over 30 seconds every time.,Technical,Medium
TKT-00069,Can you provide a comparison between the Pro and Enterprise ...,"Can you provide a comparison between the Pro and Enterprise tiers? By the way, ",General Inquiry,Medium
TKT-00070,Appreciate your help. My promo code didn't apply at checkout...,"Appreciate your help. My promo code didn't apply at checkout. Can someone look into this? Hello, ",Billing,Medium
TKT-00071,Application crashes on login for all users in our organizati...,Application crashes on login for all users in our organization. Please prioritize this. ,Technical,High
TKT-00072,My credit card was billed $500 instead of $50. This is urgen...,"My credit card was billed $500 instead of $50. This is urgent, please fix now!",Billing,High
TKT-00073,FYI — I was charged twice for my subscription this month and...,FYI — I was charged twice for my subscription this month and need an immediate refund.,Billing,High
TKT-00074,Search functionality returns irrelevant results for exact-ma...,Search functionality returns irrelevant results for exact-match queries.,Technical,Medium
TKT-00075,Please prioritize this. My account has been locked and I can...,Please prioritize this. My account has been locked and I cannot reset my password. Need access now!,Account Access,High
TKT-00076,Just wondering when the next billing cycle starts.,Just wondering when the next billing cycle starts.,Billing,Low
TKT-00077,Urgent: How do I set up automatic payments for my subscripti...,Urgent: How do I set up automatic payments for my subscription?,Billing,Low
TKT-00078,Please note: Duplicate billing on invoice #98321. Escalate t...,Please note: Duplicate billing on invoice #98321. Escalate this immediately.,Billing,High
TKT-00079,Can you add an option to sort tickets by creation date in as...,Can you add an option to sort tickets by creation date in ascending order?,Technical,Low
TKT-00080,Server returns 500 error on every API call since this mornin...,Server returns 500 error on every API call since this morning. Production blocked.,Technical,High
TKT-00081,Please prioritize this. My account has been locked and I can...,Please prioritize this. My account has been locked and I cannot reset my password. Need access now!,Account Access,High
TKT-00082,Hoping someone can assist. Multi-factor authentication is br...,Hoping someone can assist. Multi-factor authentication is broken; I cannot receive any verification codes.,Account Access,High
TKT-00083,My account has been locked and I cannot reset my password. N...,My account has been locked and I cannot reset my password. Need access now! We've been waiting for days. ,Account Access,High
TKT-00084,Hoping someone can assist. I changed my email and now I can'...,Hoping someone can assist. I changed my email and now I can't verify my identity.,Account Access,Medium
TKT-00085,The entire platform is down and our team cannot access any r...,The entire platform is down and our team cannot access any resources!,Technical,High
TKT-00086,Export to CSV feature is generating corrupted files intermit...,Export to CSV feature is generating corrupted files intermittently. Looking forward to a quick resolution. ,Technical,Medium
TKT-00087,How do I disconnect a linked social media account?,How do I disconnect a linked social media account?,Account Access,Low
TKT-00088,Urgent: Is there a way to change the default font size in th...,Urgent: Is there a way to change the default font size in the dashboard? Urgent: ,Technical,Low
TKT-00089,My credit card was billed $500 instead of $50. This is urgen...,"My credit card was billed $500 instead of $50. This is urgent, please fix now!",Billing,High
TKT-00090,Can you add an option to sort tickets by creation date in as...,Can you add an option to sort tickets by creation date in ascending order?,Technical,Low
TKT-00091,This is really frustrating. Multi-factor authentication is b...,This is really frustrating. Multi-factor authentication is broken; I cannot receive any verification codes.,Account Access,High
TKT-00092,"By the way, Is there an option to set a profile picture?","By the way, Is there an option to set a profile picture?",Account Access,Low
TKT-00093,Minor typo on the settings page: 'Notifcations' instead of '...,Minor typo on the settings page: 'Notifcations' instead of 'Notifications'. Please prioritize this. ,Technical,Low
TKT-00094,The drag-and-drop feature stopped working in the latest Chro...,The drag-and-drop feature stopped working in the latest Chrome update.,Technical,Medium
TKT-00095,What are your customer support hours on weekends? Looking fo...,What are your customer support hours on weekends? Looking forward to a quick resolution. ,General Inquiry,Low
TKT-00096,I'm completely locked out after too many failed login attemp...,I'm completely locked out after too many failed login attempts. Please unlock.,Account Access,High
TKT-00097,Please note: Where can I find my account ID or customer numb...,Please note: Where can I find my account ID or customer number?,Account Access,Low
TKT-00098,Legal team requires your updated data processing agreement w...,Legal team requires your updated data processing agreement within 24 hours.,General Inquiry,High
TKT-00099,Database sync is corrupted and none of our records are loadi...,Database sync is corrupted and none of our records are loading properly.,Technical,High
TKT-00100,Are there any upcoming webinars or online events we can join...,Are there any upcoming webinars or online events we can join? Looking forward to a quick resolution. ,General Inquiry,Low
TKT-00101,Hoping someone can assist. What is the process for submittin...,Hoping someone can assist. What is the process for submitting a feature request? Urgent: ,General Inquiry,Medium
TKT-00102,"Also, Integration with our CRM completely broke after your l...","Also, Integration with our CRM completely broke after your last deployment. Dear support, ",Technical,High
TKT-00103,Our contract expires tomorrow and we haven't received the re...,Our contract expires tomorrow and we haven't received the renewal terms yet.,General Inquiry,High
TKT-00104,Need an emergency meeting with your solutions architect befo...,Need an emergency meeting with your solutions architect before our board call.,General Inquiry,High
TKT-00105,This is really frustrating. Multi-factor authentication is b...,This is really frustrating. Multi-factor authentication is broken; I cannot receive any verification codes. Hoping someone can assist. ,Account Access,High
TKT-00106,Hoping someone can assist. Why was I charged a different amo...,Hoping someone can assist. Why was I charged a different amount than what's shown on the pricing page?,Billing,Medium
TKT-00107,Please note: Where do I manage email notification preference...,Please note: Where do I manage email notification preferences?,Account Access,Low
TKT-00108,"Dear support, I want to downgrade my plan. Will I receive a ...","Dear support, I want to downgrade my plan. Will I receive a prorated refund?",Billing,Medium
TKT-00109,Can I use a passkey instead of a traditional password?,Can I use a passkey instead of a traditional password?,Account Access,Low
TKT-00110,Executive sponsor wants a migration timeline document before...,Executive sponsor wants a migration timeline document before signing the PO.,General Inquiry,High
TKT-00111,What happens to my data if I miss a payment cycle?,What happens to my data if I miss a payment cycle?,Billing,Low
TKT-00112,Where can I find the latest product documentation and releas...,Where can I find the latest product documentation and release notes?,General Inquiry,Medium
TKT-00113,"By the way, Is there an API rate-limit increase available fo...","By the way, Is there an API rate-limit increase available for our current plan?",General Inquiry,Medium
TKT-00114,Please prioritize this. Application crashes on login for all...,Please prioritize this. Application crashes on login for all users in our organization.,Technical,High
TKT-00115,This is really frustrating. What payment methods do you acce...,This is really frustrating. What payment methods do you accept besides credit cards? Please note: ,Billing,Low
TKT-00116,Why was I charged a different amount than what's shown on th...,Why was I charged a different amount than what's shown on the pricing page?,Billing,Medium
TKT-00117,"Hi team, My account has been locked and I cannot reset my pa...","Hi team, My account has been locked and I cannot reset my password. Need access now!",Account Access,High
TKT-00118,We are evaluating your product for a 5000-seat enterprise de...,We are evaluating your product for a 5000-seat enterprise deal. Need info ASAP.,General Inquiry,High
TKT-00119,"Hello, Unauthorized login detected from a foreign IP. Lock m...","Hello, Unauthorized login detected from a foreign IP. Lock my account immediately. Hi team, ",Account Access,High
TKT-00120,Multi-factor authentication is broken; I cannot receive any ...,"Multi-factor authentication is broken; I cannot receive any verification codes. Dear support, ",Account Access,High
TKT-00121,Looking forward to a quick resolution. I see a mysterious ch...,Looking forward to a quick resolution. I see a mysterious charge labeled 'premium upgrade' that I never requested.,Billing,High
TKT-00122,Are there any upcoming webinars or online events we can join...,Are there any upcoming webinars or online events we can join?,General Inquiry,Low
TKT-00123,We are evaluating your product for a 5000-seat enterprise de...,We are evaluating your product for a 5000-seat enterprise deal. Need info ASAP.,General Inquiry,High
TKT-00124,"Hi team, What new features are planned for the next product ...","Hi team, What new features are planned for the next product release? Dear support, ",General Inquiry,Medium
TKT-00125,"Hello, Just wondering when the next billing cycle starts. He...","Hello, Just wondering when the next billing cycle starts. Hello, ",Billing,Low
TKT-00126,We've been waiting for days. Can you add an option to sort t...,We've been waiting for days. Can you add an option to sort tickets by creation date in ascending order?,Technical,Low
TKT-00127,Thanks in advance. I want to downgrade my plan. Will I recei...,"Thanks in advance. I want to downgrade my plan. Will I receive a prorated refund? Hello, ",Billing,Medium
TKT-00128,Critical data loss after the latest update. We need recovery...,Critical data loss after the latest update. We need recovery immediately.,Technical,High
TKT-00129,"Also, I cancelled my plan last week but was still charged th...","Also, I cancelled my plan last week but was still charged the full annual fee today.",Billing,High
TKT-00130,Server returns 500 error on every API call since this mornin...,Server returns 500 error on every API call since this morning. Production blocked. Please note: ,Technical,High
TKT-00131,"My session keeps expiring every few minutes, forcing me to r...","My session keeps expiring every few minutes, forcing me to re-login. Appreciate your help. ",Account Access,Medium
TKT-00132,Where can I find your community forum or user group? Urgent:...,Where can I find your community forum or user group? Urgent: ,General Inquiry,Low
TKT-00133,Can you explain the extra fee on my latest invoice?,Can you explain the extra fee on my latest invoice?,Billing,Medium
TKT-00134,Password reset link expired instantly. I've tried five times...,Password reset link expired instantly. I've tried five times with no luck. Appreciate your help. ,Account Access,High
TKT-00135,Hoping someone can assist. Do you have a referral program fo...,Hoping someone can assist. Do you have a referral program for existing customers?,General Inquiry,Low
TKT-00136,Can you provide a comparison between the Pro and Enterprise ...,Can you provide a comparison between the Pro and Enterprise tiers?,General Inquiry,Medium
TKT-00137,Duplicate billing on invoice #98321. Escalate this immediate...,Duplicate billing on invoice #98321. Escalate this immediately.,Billing,High
TKT-00138,"Hi team, The discount I was promised during sign-up isn't re...","Hi team, The discount I was promised during sign-up isn't reflected on my bill.",Billing,Medium
TKT-00139,Why was I charged a different amount than what's shown on th...,Why was I charged a different amount than what's shown on the pricing page?,Billing,Medium
TKT-00140,I need to transfer ownership of this account to a colleague.,I need to transfer ownership of this account to a colleague.,Account Access,Medium
TKT-00141,Where can I find the latest product documentation and releas...,Where can I find the latest product documentation and release notes?,General Inquiry,Medium
TKT-00142,I can log in on mobile but the web app says my credentials a...,I can log in on mobile but the web app says my credentials are invalid.,Account Access,Medium
TKT-00143,File uploads fail silently when the file size exceeds 10 MB.,File uploads fail silently when the file size exceeds 10 MB.,Technical,Medium
TKT-00144,How do I update the payment method on file to a new credit c...,"How do I update the payment method on file to a new credit card? Dear support, ",Billing,Medium
TKT-00145,"Dear support, Executive sponsor wants a migration timeline d...","Dear support, Executive sponsor wants a migration timeline document before signing the PO.",General Inquiry,High
TKT-00146,Hoping someone can assist. What happens to my data if I miss...,Hoping someone can assist. What happens to my data if I miss a payment cycle? Urgent: ,Billing,Low
TKT-00147,Client-facing demo is tomorrow and the trial environment is ...,Client-facing demo is tomorrow and the trial environment is not set up yet.,General Inquiry,High
TKT-00148,"Hi team, Critical data loss after the latest update. We need...","Hi team, Critical data loss after the latest update. We need recovery immediately.",Technical,High
TKT-00149,Database sync is corrupted and none of our records are loadi...,Database sync is corrupted and none of our records are loading properly.,Technical,High
TKT-00150,"Hi team, My credit card was billed $500 instead of $50. This...","Hi team, My credit card was billed $500 instead of $50. This is urgent, please fix now!",Billing,High
TKT-00151,File uploads fail silently when the file size exceeds 10 MB.,File uploads fail silently when the file size exceeds 10 MB.,Technical,Medium
TKT-00152,"Dear support, My admin privileges were revoked and I can no ...","Dear support, My admin privileges were revoked and I can no longer manage our team. Urgent: ",Account Access,High
TKT-00153,Critical data loss after the latest update. We need recovery...,Critical data loss after the latest update. We need recovery immediately.,Technical,High
TKT-00154,This is really frustrating. Are there any upcoming webinars ...,This is really frustrating. Are there any upcoming webinars or online events we can join?,General Inquiry,Low
TKT-00155,What are your customer support hours on weekends?,What are your customer support hours on weekends?,General Inquiry,Low
TKT-00156,Urgent: Push notifications are delayed by several hours on t...,Urgent: Push notifications are delayed by several hours on the mobile app. Thanks in advance. ,Technical,Medium
TKT-00157,"Also, Can I get a breakdown of charges for the last six mont...","Also, Can I get a breakdown of charges for the last six months?",Billing,Low
TKT-00158,Are there any upcoming webinars or online events we can join...,Are there any upcoming webinars or online events we can join?,General Inquiry,Low
TKT-00159,Can you explain the extra fee on my latest invoice?,Can you explain the extra fee on my latest invoice?,Billing,Medium
TKT-00160,"Also, I changed my email and now I can't verify my identity....","Also, I changed my email and now I can't verify my identity. We've been waiting for days. ",Account Access,Medium
TKT-00161,How do I enable two-factor authentication for my account?,How do I enable two-factor authentication for my account?,Account Access,Medium
TKT-00162,Hoping someone can assist. Can you explain the extra fee on ...,Hoping someone can assist. Can you explain the extra fee on my latest invoice?,Billing,Medium
TKT-00163,Export to CSV feature is generating corrupted files intermit...,Export to CSV feature is generating corrupted files intermittently. Hoping someone can assist. ,Technical,Medium
TKT-00164,Multi-factor authentication is broken; I cannot receive any ...,Multi-factor authentication is broken; I cannot receive any verification codes.,Account Access,High
TKT-00165,"My session keeps expiring every few minutes, forcing me to r...","My session keeps expiring every few minutes, forcing me to re-login.",Account Access,Medium
TKT-00166,The dashboard loads very slowly — takes over 30 seconds ever...,The dashboard loads very slowly — takes over 30 seconds every time.,Technical,Medium
TKT-00167,"By the way, Integration with our CRM completely broke after ...","By the way, Integration with our CRM completely broke after your last deployment. FYI — ",Technical,High
TKT-00168,"Hi team, Can I change the display name shown on my profile?","Hi team, Can I change the display name shown on my profile?",Account Access,Low
TKT-00169,Please note: The SLA breach count has exceeded the threshold...,Please note: The SLA breach count has exceeded the threshold. Requesting formal review. Urgent: ,General Inquiry,High
TKT-00170,Please note: Where can I read your terms of service and priv...,Please note: Where can I read your terms of service and privacy policy?,General Inquiry,Low
TKT-00171,Is there an API rate-limit increase available for our curren...,Is there an API rate-limit increase available for our current plan?,General Inquiry,Medium
TKT-00172,We'd like to schedule a training session for our new team me...,We'd like to schedule a training session for our new team members.,General Inquiry,Medium
TKT-00173,Urgent: Can you explain the extra fee on my latest invoice?,Urgent: Can you explain the extra fee on my latest invoice?,Billing,Medium
TKT-00174,Client-facing demo is tomorrow and the trial environment is ...,Client-facing demo is tomorrow and the trial environment is not set up yet.,General Inquiry,High
TKT-00175,Reports show incorrect date ranges when timezone is set to U...,Reports show incorrect date ranges when timezone is set to UTC.,Technical,Medium
TKT-00176,"Also, I can log in on mobile but the web app says my credent...","Also, I can log in on mobile but the web app says my credentials are invalid.",Account Access,Medium
TKT-00177,Is there a mobile app available for Android? Please note: ,Is there a mobile app available for Android? Please note: ,General Inquiry,Low
TKT-00178,What new features are planned for the next product release?,What new features are planned for the next product release?,General Inquiry,Medium
TKT-00179,The dashboard loads very slowly — takes over 30 seconds ever...,The dashboard loads very slowly — takes over 30 seconds every time. Thanks in advance. ,Technical,Medium
TKT-00180,Do you have case studies from companies in the healthcare se...,Do you have case studies from companies in the healthcare sector? Appreciate your help. ,General Inquiry,Medium
TKT-00181,Unauthorized login detected from a foreign IP. Lock my accou...,Unauthorized login detected from a foreign IP. Lock my account immediately.,Account Access,High
TKT-00182,"By the way, My admin privileges were revoked and I can no lo...","By the way, My admin privileges were revoked and I can no longer manage our team.",Account Access,High
TKT-00183,Can you add an option to sort tickets by creation date in as...,"Can you add an option to sort tickets by creation date in ascending order? Hi team, ",Technical,Low
TKT-00184,Where can I find my account ID or customer number?,Where can I find my account ID or customer number?,Account Access,Low
TKT-00185,It would be nice to have dark mode support in the web app.,It would be nice to have dark mode support in the web app.,Technical,Low
TKT-00186,Where can I find my account ID or customer number?,Where can I find my account ID or customer number?,Account Access,Low
TKT-00187,"Hello, My account has been locked and I cannot reset my pass...","Hello, My account has been locked and I cannot reset my password. Need access now!",Account Access,High
TKT-00188,I can log in on mobile but the web app says my credentials a...,I can log in on mobile but the web app says my credentials are invalid. Thanks in advance. ,Account Access,Medium
TKT-00189,Can I get a breakdown of charges for the last six months?,Can I get a breakdown of charges for the last six months?,Billing,Low
TKT-00190,Can you explain the extra fee on my latest invoice?,Can you explain the extra fee on my latest invoice?,Billing,Medium
TKT-00191,"Also, Server returns 500 error on every API call since this ...","Also, Server returns 500 error on every API call since this morning. Production blocked.",Technical,High
TKT-00192,Need a copy of my invoice from last quarter for tax purposes...,Need a copy of my invoice from last quarter for tax purposes.,Billing,Medium
TKT-00193,How do I enable two-factor authentication for my account? Pl...,How do I enable two-factor authentication for my account? Please prioritize this. ,Account Access,Medium
TKT-00194,What are your customer support hours on weekends? We've been...,What are your customer support hours on weekends? We've been waiting for days. ,General Inquiry,Low
TKT-00195,Thanks in advance. I can log in on mobile but the web app sa...,Thanks in advance. I can log in on mobile but the web app says my credentials are invalid. Please note: ,Account Access,Medium
TKT-00196,Regulatory audit requires compliance documentation by end of...,Regulatory audit requires compliance documentation by end of day. Please expedite. Hoping someone can assist. ,General Inquiry,High
TKT-00197,My admin privileges were revoked and I can no longer manage ...,My admin privileges were revoked and I can no longer manage our team.,Account Access,High
TKT-00198,Payment failed but money was deducted from my bank. Need res...,Payment failed but money was deducted from my bank. Need resolution ASAP.,Billing,High
TKT-00199,The SLA breach count has exceeded the threshold. Requesting ...,The SLA breach count has exceeded the threshold. Requesting formal review.,General Inquiry,High
TKT-00200,Hoping someone can assist. I changed my email and now I can'...,Hoping someone can assist. I changed my email and now I can't verify my identity.,Account Access,Medium
TKT-00201,I changed my email and now I can't verify my identity.,I changed my email and now I can't verify my identity.,Account Access,Medium
TKT-00202,Hoping someone can assist. Our automated pipeline is failing...,Hoping someone can assist. Our automated pipeline is failing because your API endpoint is unreachable.,Technical,High
TKT-00203,The on-boarding tooltip covers the submit button on smaller ...,The on-boarding tooltip covers the submit button on smaller screens.,Technical,Low
TKT-00204,I'm completely locked out after too many failed login attemp...,I'm completely locked out after too many failed login attempts. Please unlock. Thanks in advance. ,Account Access,High
TKT-00205,Legal team requires your updated data processing agreement w...,Legal team requires your updated data processing agreement within 24 hours.,General Inquiry,High
TKT-00206,How do I enable two-factor authentication for my account?,How do I enable two-factor authentication for my account?,Account Access,Medium
TKT-00207,Are there any upcoming webinars or online events we can join...,Are there any upcoming webinars or online events we can join?,General Inquiry,Low
TKT-00208,Where can I download old receipts from my account?,Where can I download old receipts from my account?,Billing,Low
TKT-00209,Can you add an option to sort tickets by creation date in as...,Can you add an option to sort tickets by creation date in ascending order?,Technical,Low
TKT-00210,Can we get a dedicated account manager for our organization?,Can we get a dedicated account manager for our organization?,General Inquiry,Medium
TKT-00211,I forgot my password and the reset email goes to an old addr...,I forgot my password and the reset email goes to an old address. Looking forward to a quick resolution. ,Account Access,Medium
TKT-00212,Push notifications are delayed by several hours on the mobil...,Push notifications are delayed by several hours on the mobile app.,Technical,Medium
TKT-00213,I'd like to switch from monthly to annual billing. What are ...,I'd like to switch from monthly to annual billing. What are the steps?,Billing,Medium
TKT-00214,"Also, I was charged twice for my subscription this month and...","Also, I was charged twice for my subscription this month and need an immediate refund. Hello, ",Billing,High
TKT-00215,"Hi team, I'm completely locked out after too many failed log...","Hi team, I'm completely locked out after too many failed login attempts. Please unlock.",Account Access,High
TKT-00216,Appreciate your help. What payment methods do you accept bes...,Appreciate your help. What payment methods do you accept besides credit cards?,Billing,Low
TKT-00217,Need an emergency meeting with your solutions architect befo...,Need an emergency meeting with your solutions architect before our board call.,General Inquiry,High
TKT-00218,Database sync is corrupted and none of our records are loadi...,Database sync is corrupted and none of our records are loading properly.,Technical,High
TKT-00219,What new features are planned for the next product release?,What new features are planned for the next product release?,General Inquiry,Medium
TKT-00220,"Hello, Search functionality returns irrelevant results for e...","Hello, Search functionality returns irrelevant results for exact-match queries.",Technical,Medium
TKT-00221,Reports show incorrect date ranges when timezone is set to U...,Reports show incorrect date ranges when timezone is set to UTC.,Technical,Medium
TKT-00222,Push notifications are delayed by several hours on the mobil...,Push notifications are delayed by several hours on the mobile app.,Technical,Medium
TKT-00223,"Hello, Need a copy of my invoice from last quarter for tax p...","Hello, Need a copy of my invoice from last quarter for tax purposes.",Billing,Medium
TKT-00224,We've been waiting for days. What are your customer support ...,We've been waiting for days. What are your customer support hours on weekends?,General Inquiry,Low
TKT-00225,The dashboard loads very slowly — takes over 30 seconds ever...,The dashboard loads very slowly — takes over 30 seconds every time.,Technical,Medium
TKT-00226,Just wanted to say thanks — the new update is really smooth!,Just wanted to say thanks — the new update is really smooth!,General Inquiry,Low
TKT-00227,Push notifications are delayed by several hours on the mobil...,Push notifications are delayed by several hours on the mobile app.,Technical,Medium
TKT-00228,Is there an API rate-limit increase available for our curren...,Is there an API rate-limit increase available for our current plan?,General Inquiry,Medium
TKT-00229,Are there any upcoming webinars or online events we can join...,Are there any upcoming webinars or online events we can join?,General Inquiry,Low
TKT-00230,"Dear support, What new features are planned for the next pro...","Dear support, What new features are planned for the next product release? Hello, ",General Inquiry,Medium
TKT-00231,Urgent: Are there any upcoming webinars or online events we ...,Urgent: Are there any upcoming webinars or online events we can join?,General Inquiry,Low
TKT-00232,Hoping someone can assist. I'm completely locked out after t...,Hoping someone can assist. I'm completely locked out after too many failed login attempts. Please unlock.,Account Access,High
TKT-00233,Would love an option to customize the color theme of the int...,Would love an option to customize the color theme of the interface. We've been waiting for days. ,Technical,Low
TKT-00234,"My session keeps expiring every few minutes, forcing me to r...","My session keeps expiring every few minutes, forcing me to re-login.",Account Access,Medium
TKT-00235,I want to downgrade my plan. Will I receive a prorated refun...,I want to downgrade my plan. Will I receive a prorated refund? Please note: ,Billing,Medium
TKT-00236,Can we get a dedicated account manager for our organization?,Can we get a dedicated account manager for our organization?,General Inquiry,Medium
TKT-00237,It would be nice to have dark mode support in the web app. T...,It would be nice to have dark mode support in the web app. Thanks in advance. ,Technical,Low
TKT-00238,This is really frustrating. I want to downgrade my plan. Wil...,This is really frustrating. I want to downgrade my plan. Will I receive a prorated refund?,Billing,Medium
TKT-00239,Executive sponsor wants a migration timeline document before...,Executive sponsor wants a migration timeline document before signing the PO.,General Inquiry,High
TKT-00240,Need a copy of my invoice from last quarter for tax purposes...,Need a copy of my invoice from last quarter for tax purposes.,Billing,Medium
TKT-00241,Can I use a passkey instead of a traditional password? By th...,"Can I use a passkey instead of a traditional password? By the way, ",Account Access,Low
TKT-00242,Do you have case studies from companies in the healthcare se...,Do you have case studies from companies in the healthcare sector?,General Inquiry,Medium
TKT-00243,"Also, Someone changed my email address on file. I think my a...","Also, Someone changed my email address on file. I think my account was hacked.",Account Access,High
TKT-00244,Please prioritize this. How do I enable two-factor authentic...,Please prioritize this. How do I enable two-factor authentication for my account?,Account Access,Medium
TKT-00245,This is really frustrating. Unauthorized login detected from...,This is really frustrating. Unauthorized login detected from a foreign IP. Lock my account immediately.,Account Access,High
TKT-00246,How do I disconnect a linked social media account?,How do I disconnect a linked social media account?,Account Access,Low
TKT-00247,Someone changed my email address on file. I think my account...,Someone changed my email address on file. I think my account was hacked.,Account Access,High
TKT-00248,The dashboard loads very slowly — takes over 30 seconds ever...,"The dashboard loads very slowly — takes over 30 seconds every time. Dear support, ",Technical,Medium
TKT-00249,Looking forward to a quick resolution. Security vulnerabilit...,Looking forward to a quick resolution. Security vulnerability found. Sensitive customer data may be exposed.,Technical,High
TKT-00250,Urgent: What is the process for submitting a feature request...,"Urgent: What is the process for submitting a feature request? By the way, ",General Inquiry,Medium
TKT-00251,How do I enable two-factor authentication for my account?,How do I enable two-factor authentication for my account?,Account Access,Medium
TKT-00252,"Hello, We are evaluating your product for a 5000-seat enterp...","Hello, We are evaluating your product for a 5000-seat enterprise deal. Need info ASAP. FYI — ",General Inquiry,High
TKT-00253,Hoping someone can assist. Need an emergency meeting with yo...,Hoping someone can assist. Need an emergency meeting with your solutions architect before our board call.,General Inquiry,High
TKT-00254,Need an emergency meeting with your solutions architect befo...,Need an emergency meeting with your solutions architect before our board call. Hoping someone can assist. ,General Inquiry,High
TKT-00255,FYI — Just wondering when the next billing cycle starts.,FYI — Just wondering when the next billing cycle starts.,Billing,Low
TKT-00256,What are the password complexity requirements? We've been wa...,What are the password complexity requirements? We've been waiting for days. ,Account Access,Low
TKT-00257,Hoping someone can assist. Unauthorized charge on my account...,Hoping someone can assist. Unauthorized charge on my account. I did not authorize this transaction at all.,Billing,High
TKT-00258,Urgent: Legal team requires your updated data processing agr...,Urgent: Legal team requires your updated data processing agreement within 24 hours. This is really frustrating. ,General Inquiry,High
TKT-00259,Someone changed my email address on file. I think my account...,Someone changed my email address on file. I think my account was hacked.,Account Access,High
TKT-00260,It would be nice to have dark mode support in the web app. A...,It would be nice to have dark mode support in the web app. Appreciate your help. ,Technical,Low
TKT-00261,Payment failed but money was deducted from my bank. Need res...,Payment failed but money was deducted from my bank. Need resolution ASAP.,Billing,High
TKT-00262,Subscription auto-renewed after I explicitly opted out. Refu...,Subscription auto-renewed after I explicitly opted out. Refund required urgently.,Billing,High
TKT-00263,I want to downgrade my plan. Will I receive a prorated refun...,I want to downgrade my plan. Will I receive a prorated refund?,Billing,Medium
TKT-00264,The discount I was promised during sign-up isn't reflected o...,The discount I was promised during sign-up isn't reflected on my bill. Urgent: ,Billing,Medium
TKT-00265,Appreciate your help. Legal team requires your updated data ...,Appreciate your help. Legal team requires your updated data processing agreement within 24 hours.,General Inquiry,High
TKT-00266,This is really frustrating. How do I add a new team member t...,This is really frustrating. How do I add a new team member to our company account? Looking forward to a quick resolution. ,Account Access,Medium
TKT-00267,Is there an API rate-limit increase available for our curren...,Is there an API rate-limit increase available for our current plan?,General Inquiry,Medium
TKT-00268,My admin privileges were revoked and I can no longer manage ...,My admin privileges were revoked and I can no longer manage our team.,Account Access,High
TKT-00269,"Hello, Where can I find your community forum or user group?","Hello, Where can I find your community forum or user group?",General Inquiry,Low
TKT-00270,Can you add keyboard shortcuts for the most common actions?,Can you add keyboard shortcuts for the most common actions?,Technical,Low
TKT-00271,"By the way, I'd like to switch from monthly to annual billin...","By the way, I'd like to switch from monthly to annual billing. What are the steps?",Billing,Medium
TKT-00272,Can you add keyboard shortcuts for the most common actions?,Can you add keyboard shortcuts for the most common actions?,Technical,Low
TKT-00273,Can I use a passkey instead of a traditional password?,Can I use a passkey instead of a traditional password?,Account Access,Low
TKT-00274,Can we get a dedicated account manager for our organization?,Can we get a dedicated account manager for our organization?,General Inquiry,Medium
TKT-00275,Appreciate your help. The drag-and-drop feature stopped work...,Appreciate your help. The drag-and-drop feature stopped working in the latest Chrome update.,Technical,Medium
TKT-00276,"By the way, What happens to my data if I miss a payment cycl...","By the way, What happens to my data if I miss a payment cycle?",Billing,Low
TKT-00277,Urgent: Can I use a passkey instead of a traditional passwor...,Urgent: Can I use a passkey instead of a traditional password?,Account Access,Low
TKT-00278,My account has been locked and I cannot reset my password. N...,My account has been locked and I cannot reset my password. Need access now!,Account Access,High
TKT-00279,Urgent: What are your customer support hours on weekends?,Urgent: What are your customer support hours on weekends?,General Inquiry,Low
TKT-00280,FYI — File uploads fail silently when the file size exceeds ...,FYI — File uploads fail silently when the file size exceeds 10 MB.,Technical,Medium
TKT-00281,This is really frustrating. Executive sponsor wants a migrat...,This is really frustrating. Executive sponsor wants a migration timeline document before signing the PO.,General Inquiry,High
TKT-00282,My credit card was billed $500 instead of $50. This is urgen...,"My credit card was billed $500 instead of $50. This is urgent, please fix now! Hi team, ",Billing,High
TKT-00283,Urgent: I changed my email and now I can't verify my identit...,Urgent: I changed my email and now I can't verify my identity.,Account Access,Medium
TKT-00284,Our contract expires tomorrow and we haven't received the re...,Our contract expires tomorrow and we haven't received the renewal terms yet. Hoping someone can assist. ,General Inquiry,High
TKT-00285,We are evaluating your product for a 5000-seat enterprise de...,We are evaluating your product for a 5000-seat enterprise deal. Need info ASAP. Looking forward to a quick resolution. ,General Inquiry,High
TKT-00286,Unauthorized login detected from a foreign IP. Lock my accou...,Unauthorized login detected from a foreign IP. Lock my account immediately.,Account Access,High
TKT-00287,"By the way, Critical data loss after the latest update. We n...","By the way, Critical data loss after the latest update. We need recovery immediately. Looking forward to a quick resolution. ",Technical,High
TKT-00288,The SLA breach count has exceeded the threshold. Requesting ...,The SLA breach count has exceeded the threshold. Requesting formal review.,General Inquiry,High
TKT-00289,Our automated pipeline is failing because your API endpoint ...,Our automated pipeline is failing because your API endpoint is unreachable. Please note: ,Technical,High
TKT-00290,Push notifications are delayed by several hours on the mobil...,Push notifications are delayed by several hours on the mobile app.,Technical,Medium
TKT-00291,"Dear support, File uploads fail silently when the file size ...","Dear support, File uploads fail silently when the file size exceeds 10 MB.",Technical,Medium
TKT-00292,This is really frustrating. What payment methods do you acce...,This is really frustrating. What payment methods do you accept besides credit cards? Thanks in advance. ,Billing,Low
TKT-00293,We've been waiting for days. What is the process for submitt...,We've been waiting for days. What is the process for submitting a feature request?,General Inquiry,Medium
TKT-00294,My account has been locked and I cannot reset my password. N...,"My account has been locked and I cannot reset my password. Need access now! Hello, ",Account Access,High
TKT-00295,Executive sponsor wants a migration timeline document before...,Executive sponsor wants a migration timeline document before signing the PO.,General Inquiry,High
TKT-00296,"Also, Account suspended without explanation. I have a client...","Also, Account suspended without explanation. I have a client demo in one hour!",Account Access,High
TKT-00297,What happens to my data if I miss a payment cycle?,What happens to my data if I miss a payment cycle?,Billing,Low
TKT-00298,Why was I charged a different amount than what's shown on th...,Why was I charged a different amount than what's shown on the pricing page? Appreciate your help. ,Billing,Medium
TKT-00299,Urgent: Someone changed my email address on file. I think my...,Urgent: Someone changed my email address on file. I think my account was hacked.,Account Access,High
TKT-00300,Security vulnerability found. Sensitive customer data may be...,Security vulnerability found. Sensitive customer data may be exposed. Looking forward to a quick resolution. ,Technical,High
TKT-00301,Need a copy of my invoice from last quarter for tax purposes...,Need a copy of my invoice from last quarter for tax purposes.,Billing,Medium
TKT-00302,FYI — Are there any upcoming webinars or online events we ca...,FYI — Are there any upcoming webinars or online events we can join? FYI — ,General Inquiry,Low
TKT-00303,Regulatory audit requires compliance documentation by end of...,Regulatory audit requires compliance documentation by end of day. Please expedite.,General Inquiry,High
TKT-00304,What happens to my data if I miss a payment cycle?,What happens to my data if I miss a payment cycle?,Billing,Low
TKT-00305,The SLA breach count has exceeded the threshold. Requesting ...,The SLA breach count has exceeded the threshold. Requesting formal review.,General Inquiry,High
TKT-00306,What is the process for submitting a feature request?,What is the process for submitting a feature request?,General Inquiry,Medium
TKT-00307,"Dear support, What happens to my data if I miss a payment cy...","Dear support, What happens to my data if I miss a payment cycle?",Billing,Low
TKT-00308,"By the way, The dashboard loads very slowly — takes over 30 ...","By the way, The dashboard loads very slowly — takes over 30 seconds every time.",Technical,Medium
TKT-00309,We've been waiting for days. I forgot my password and the re...,We've been waiting for days. I forgot my password and the reset email goes to an old address. Looking forward to a quick resolution. ,Account Access,Medium
TKT-00310,Why was I charged a different amount than what's shown on th...,Why was I charged a different amount than what's shown on the pricing page?,Billing,Medium
TKT-00311,Just wanted to say thanks — the new update is really smooth!,Just wanted to say thanks — the new update is really smooth!,General Inquiry,Low
TKT-00312,"Dear support, Is there an API rate-limit increase available ...","Dear support, Is there an API rate-limit increase available for our current plan?",General Inquiry,Medium
TKT-00313,Please prioritize this. Subscription auto-renewed after I ex...,Please prioritize this. Subscription auto-renewed after I explicitly opted out. Refund required urgently.,Billing,High
TKT-00314,Where can I find your community forum or user group? Please ...,Where can I find your community forum or user group? Please note: ,General Inquiry,Low
TKT-00315,Where can I read your terms of service and privacy policy?,Where can I read your terms of service and privacy policy?,General Inquiry,Low
TKT-00316,Please prioritize this. Regulatory audit requires compliance...,"Please prioritize this. Regulatory audit requires compliance documentation by end of day. Please expedite. Hi team, ",General Inquiry,High
TKT-00317,Is there a way to change the default font size in the dashbo...,Is there a way to change the default font size in the dashboard?,Technical,Low
TKT-00318,Looking forward to a quick resolution. The discount I was pr...,Looking forward to a quick resolution. The discount I was promised during sign-up isn't reflected on my bill.,Billing,Medium
TKT-00319,Appreciate your help. Search functionality returns irrelevan...,Appreciate your help. Search functionality returns irrelevant results for exact-match queries.,Technical,Medium
TKT-00320,Would love an option to customize the color theme of the int...,Would love an option to customize the color theme of the interface.,Technical,Low
TKT-00321,I'm completely locked out after too many failed login attemp...,I'm completely locked out after too many failed login attempts. Please unlock.,Account Access,High
TKT-00322,Reports show incorrect date ranges when timezone is set to U...,Reports show incorrect date ranges when timezone is set to UTC.,Technical,Medium
TKT-00323,Where can I download old receipts from my account?,Where can I download old receipts from my account?,Billing,Low
TKT-00324,FYI — Is there a way to change the default font size in the ...,FYI — Is there a way to change the default font size in the dashboard?,Technical,Low
TKT-00325,FYI — The on-boarding tooltip covers the submit button on sm...,FYI — The on-boarding tooltip covers the submit button on smaller screens. Urgent: ,Technical,Low
TKT-00326,Can you explain the extra fee on my latest invoice?,Can you explain the extra fee on my latest invoice?,Billing,Medium
TKT-00327,Regulatory audit requires compliance documentation by end of...,Regulatory audit requires compliance documentation by end of day. Please expedite. FYI — ,General Inquiry,High
TKT-00328,Are there any upcoming webinars or online events we can join...,"Are there any upcoming webinars or online events we can join? Hello, ",General Inquiry,Low
TKT-00329,Is there an API rate-limit increase available for our curren...,Is there an API rate-limit increase available for our current plan?,General Inquiry,Medium
TKT-00330,Please note: Where can I read your terms of service and priv...,Please note: Where can I read your terms of service and privacy policy?,General Inquiry,Low
TKT-00331,Appreciate your help. Can you merge my two accounts into a s...,Appreciate your help. Can you merge my two accounts into a single one?,Account Access,Medium
TKT-00332,"My session keeps expiring every few minutes, forcing me to r...","My session keeps expiring every few minutes, forcing me to re-login.",Account Access,Medium
TKT-00333,I'm completely locked out after too many failed login attemp...,I'm completely locked out after too many failed login attempts. Please unlock.,Account Access,High
TKT-00334,"Dear support, Can I get a breakdown of charges for the last ...","Dear support, Can I get a breakdown of charges for the last six months?",Billing,Low
TKT-00335,Can I change the display name shown on my profile?,Can I change the display name shown on my profile?,Account Access,Low
TKT-00336,FYI — How do I update the payment method on file to a new cr...,FYI — How do I update the payment method on file to a new credit card? Please prioritize this. ,Billing,Medium
TKT-00337,How do I view my login history for security review? Please p...,How do I view my login history for security review? Please prioritize this. ,Account Access,Low
TKT-00338,Database sync is corrupted and none of our records are loadi...,Database sync is corrupted and none of our records are loading properly.,Technical,High
TKT-00339,"Hello, My account has been locked and I cannot reset my pass...","Hello, My account has been locked and I cannot reset my password. Need access now! By the way, ",Account Access,High
TKT-00340,Please prioritize this. The mobile app icon looks blurry on ...,Please prioritize this. The mobile app icon looks blurry on high-resolution screens. This is really frustrating. ,Technical,Low
TKT-00341,What is the process for submitting a feature request? Urgent...,What is the process for submitting a feature request? Urgent: ,General Inquiry,Medium
TKT-00342,I need to transfer ownership of this account to a colleague.,I need to transfer ownership of this account to a colleague.,Account Access,Medium
TKT-00343,We are evaluating your product for a 5000-seat enterprise de...,We are evaluating your product for a 5000-seat enterprise deal. Need info ASAP. Please note: ,General Inquiry,High
TKT-00344,Urgent: How do I set up automatic payments for my subscripti...,"Urgent: How do I set up automatic payments for my subscription? By the way, ",Billing,Low
TKT-00345,I cancelled my plan last week but was still charged the full...,I cancelled my plan last week but was still charged the full annual fee today.,Billing,High
TKT-00346,Please prioritize this. How do I enable two-factor authentic...,Please prioritize this. How do I enable two-factor authentication for my account?,Account Access,Medium
TKT-00347,Where can I find my account ID or customer number?,Where can I find my account ID or customer number?,Account Access,Low
TKT-00348,"Also, Are there any upcoming webinars or online events we ca...","Also, Are there any upcoming webinars or online events we can join?",General Inquiry,Low
TKT-00349,Looking forward to a quick resolution. Our automated pipelin...,"Looking forward to a quick resolution. Our automated pipeline is failing because your API endpoint is unreachable. Hello, ",Technical,High
TKT-00350,"Dear support, Can you explain the extra fee on my latest inv...","Dear support, Can you explain the extra fee on my latest invoice? Hi team, ",Billing,Medium
TKT-00351,Would love an option to customize the color theme of the int...,Would love an option to customize the color theme of the interface.,Technical,Low
TKT-00352,Looking forward to a quick resolution. The discount I was pr...,Looking forward to a quick resolution. The discount I was promised during sign-up isn't reflected on my bill.,Billing,Medium
TKT-00353,"Hello, Legal team requires your updated data processing agre...","Hello, Legal team requires your updated data processing agreement within 24 hours.",General Inquiry,High
TKT-00354,We'd like to schedule a training session for our new team me...,We'd like to schedule a training session for our new team members.,General Inquiry,Medium
TKT-00355,Where can I read your terms of service and privacy policy?,Where can I read your terms of service and privacy policy?,General Inquiry,Low
TKT-00356,Please note: I want to downgrade my plan. Will I receive a p...,Please note: I want to downgrade my plan. Will I receive a prorated refund? Please note: ,Billing,Medium
TKT-00357,Duplicate billing on invoice #98321. Escalate this immediate...,Duplicate billing on invoice #98321. Escalate this immediately.,Billing,High
TKT-00358,Hoping someone can assist. Where do I manage email notificat...,Hoping someone can assist. Where do I manage email notification preferences?,Account Access,Low
TKT-00359,File uploads fail silently when the file size exceeds 10 MB....,File uploads fail silently when the file size exceeds 10 MB. Looking forward to a quick resolution. ,Technical,Medium
TKT-00360,"Hello, Would love an option to customize the color theme of ...","Hello, Would love an option to customize the color theme of the interface.",Technical,Low
TKT-00361,Unauthorized login detected from a foreign IP. Lock my accou...,Unauthorized login detected from a foreign IP. Lock my account immediately.,Account Access,High
TKT-00362,What happens to my data if I miss a payment cycle?,What happens to my data if I miss a payment cycle?,Billing,Low
TKT-00363,What are the password complexity requirements?,What are the password complexity requirements?,Account Access,Low
TKT-00364,Why was I charged a different amount than what's shown on th...,Why was I charged a different amount than what's shown on the pricing page?,Billing,Medium
TKT-00365,"By the way, What are the password complexity requirements?","By the way, What are the password complexity requirements?",Account Access,Low
TKT-00366,The drag-and-drop feature stopped working in the latest Chro...,The drag-and-drop feature stopped working in the latest Chrome update.,Technical,Medium
TKT-00367,"Also, What happens to my data if I miss a payment cycle?","Also, What happens to my data if I miss a payment cycle?",Billing,Low
TKT-00368,Hoping someone can assist. Can you add an option to sort tic...,Hoping someone can assist. Can you add an option to sort tickets by creation date in ascending order?,Technical,Low
TKT-00369,Hoping someone can assist. Why was I charged a different amo...,Hoping someone can assist. Why was I charged a different amount than what's shown on the pricing page?,Billing,Medium
TKT-00370,Appreciate your help. Just wondering when the next billing c...,Appreciate your help. Just wondering when the next billing cycle starts.,Billing,Low
TKT-00371,Please note: I forgot my password and the reset email goes t...,Please note: I forgot my password and the reset email goes to an old address.,Account Access,Medium
TKT-00372,Appreciate your help. Minor typo on the settings page: 'Noti...,Appreciate your help. Minor typo on the settings page: 'Notifcations' instead of 'Notifications'. FYI — ,Technical,Low
TKT-00373,Do you have case studies from companies in the healthcare se...,Do you have case studies from companies in the healthcare sector?,General Inquiry,Medium
TKT-00374,My promo code didn't apply at checkout. Can someone look int...,My promo code didn't apply at checkout. Can someone look into this?,Billing,Medium
TKT-00375,"By the way, Where can I find the latest product documentatio...","By the way, Where can I find the latest product documentation and release notes? FYI — ",General Inquiry,Medium
TKT-00376,How do I add a new team member to our company account? Hopin...,How do I add a new team member to our company account? Hoping someone can assist. ,Account Access,Medium
TKT-00377,Appreciate your help. Two-factor authentication emails are a...,Appreciate your help. Two-factor authentication emails are arriving with a 15-minute delay. Please prioritize this. ,Technical,Medium
TKT-00378,We've been waiting for days. Can you merge my two accounts i...,We've been waiting for days. Can you merge my two accounts into a single one? FYI — ,Account Access,Medium
TKT-00379,Where can I read your terms of service and privacy policy?,Where can I read your terms of service and privacy policy?,General Inquiry,Low
TKT-00380,Minor typo on the settings page: 'Notifcations' instead of '...,Minor typo on the settings page: 'Notifcations' instead of 'Notifications'.,Technical,Low
TKT-00381,The drag-and-drop feature stopped working in the latest Chro...,The drag-and-drop feature stopped working in the latest Chrome update.,Technical,Medium
TKT-00382,Are there any upcoming webinars or online events we can join...,Are there any upcoming webinars or online events we can join?,General Inquiry,Low
TKT-00383,Need a copy of my invoice from last quarter for tax purposes...,"Need a copy of my invoice from last quarter for tax purposes. Dear support, ",Billing,Medium
TKT-00384,Duplicate billing on invoice #98321. Escalate this immediate...,Duplicate billing on invoice #98321. Escalate this immediately.,Billing,High
TKT-00385,How do I view my login history for security review? Urgent: ,How do I view my login history for security review? Urgent: ,Account Access,Low
TKT-00386,Unauthorized login detected from a foreign IP. Lock my accou...,Unauthorized login detected from a foreign IP. Lock my account immediately.,Account Access,High
TKT-00387,"Hello, Our contract expires tomorrow and we haven't received...","Hello, Our contract expires tomorrow and we haven't received the renewal terms yet.",General Inquiry,High
TKT-00388,I can log in on mobile but the web app says my credentials a...,I can log in on mobile but the web app says my credentials are invalid.,Account Access,Medium
TKT-00389,How do I view my login history for security review? Thanks i...,How do I view my login history for security review? Thanks in advance. ,Account Access,Low
TKT-00390,My credit card was billed $500 instead of $50. This is urgen...,"My credit card was billed $500 instead of $50. This is urgent, please fix now!",Billing,High
TKT-00391,Do you offer any nonprofit pricing or special plans? Thanks ...,Do you offer any nonprofit pricing or special plans? Thanks in advance. ,Billing,Low
TKT-00392,Looking forward to a quick resolution. Export to CSV feature...,Looking forward to a quick resolution. Export to CSV feature is generating corrupted files intermittently.,Technical,Medium
TKT-00393,Search functionality returns irrelevant results for exact-ma...,Search functionality returns irrelevant results for exact-match queries.,Technical,Medium
TKT-00394,My promo code didn't apply at checkout. Can someone look int...,My promo code didn't apply at checkout. Can someone look into this?,Billing,Medium
TKT-00395,Do you offer any nonprofit pricing or special plans?,Do you offer any nonprofit pricing or special plans?,Billing,Low
TKT-00396,Looking forward to a quick resolution. My credit card was bi...,"Looking forward to a quick resolution. My credit card was billed $500 instead of $50. This is urgent, please fix now!",Billing,High
TKT-00397,Push notifications are delayed by several hours on the mobil...,Push notifications are delayed by several hours on the mobile app.,Technical,Medium
TKT-00398,What new features are planned for the next product release?,What new features are planned for the next product release?,General Inquiry,Medium
TKT-00399,The drag-and-drop feature stopped working in the latest Chro...,The drag-and-drop feature stopped working in the latest Chrome update.,Technical,Medium
TKT-00400,"By the way, Can we get a dedicated account manager for our o...","By the way, Can we get a dedicated account manager for our organization?",General Inquiry,Medium
TKT-00401,What happens to my data if I miss a payment cycle?,What happens to my data if I miss a payment cycle?,Billing,Low
TKT-00402,This is really frustrating. Can you add keyboard shortcuts f...,This is really frustrating. Can you add keyboard shortcuts for the most common actions?,Technical,Low
TKT-00403,"Hello, Can you add an option to sort tickets by creation dat...","Hello, Can you add an option to sort tickets by creation date in ascending order?",Technical,Low
TKT-00404,"By the way, The discount I was promised during sign-up isn't...","By the way, The discount I was promised during sign-up isn't reflected on my bill. Please note: ",Billing,Medium
TKT-00405,"Hi team, Where can I download old receipts from my account?","Hi team, Where can I download old receipts from my account?",Billing,Low
TKT-00406,Multi-factor authentication is broken; I cannot receive any ...,Multi-factor authentication is broken; I cannot receive any verification codes.,Account Access,High
TKT-00407,FYI — Minor typo on the settings page: 'Notifcations' instea...,FYI — Minor typo on the settings page: 'Notifcations' instead of 'Notifications'.,Technical,Low
TKT-00408,Where do I manage email notification preferences?,Where do I manage email notification preferences?,Account Access,Low
TKT-00409,My credit card was billed $500 instead of $50. This is urgen...,"My credit card was billed $500 instead of $50. This is urgent, please fix now!",Billing,High
TKT-00410,Integration with our CRM completely broke after your last de...,Integration with our CRM completely broke after your last deployment. Urgent: ,Technical,High
TKT-00411,"Also, I can log in on mobile but the web app says my credent...","Also, I can log in on mobile but the web app says my credentials are invalid.",Account Access,Medium
TKT-00412,I'm completely locked out after too many failed login attemp...,I'm completely locked out after too many failed login attempts. Please unlock.,Account Access,High
TKT-00413,"Also, My admin privileges were revoked and I can no longer m...","Also, My admin privileges were revoked and I can no longer manage our team.",Account Access,High
TKT-00414,Security vulnerability found. Sensitive customer data may be...,Security vulnerability found. Sensitive customer data may be exposed. Thanks in advance. ,Technical,High
TKT-00415,"My session keeps expiring every few minutes, forcing me to r...","My session keeps expiring every few minutes, forcing me to re-login.",Account Access,Medium
TKT-00416,"By the way, Our contract expires tomorrow and we haven't rec...","By the way, Our contract expires tomorrow and we haven't received the renewal terms yet.",General Inquiry,High
TKT-00417,Minor typo on the settings page: 'Notifcations' instead of '...,Minor typo on the settings page: 'Notifcations' instead of 'Notifications'. Thanks in advance. ,Technical,Low
TKT-00418,FYI — My account has been locked and I cannot reset my passw...,FYI — My account has been locked and I cannot reset my password. Need access now!,Account Access,High
TKT-00419,Please prioritize this. I can log in on mobile but the web a...,Please prioritize this. I can log in on mobile but the web app says my credentials are invalid.,Account Access,Medium
TKT-00420,Appreciate your help. Minor typo on the settings page: 'Noti...,Appreciate your help. Minor typo on the settings page: 'Notifcations' instead of 'Notifications'.,Technical,Low
TKT-00421,File uploads fail silently when the file size exceeds 10 MB.,File uploads fail silently when the file size exceeds 10 MB.,Technical,Medium
TKT-00422,"My session keeps expiring every few minutes, forcing me to r...","My session keeps expiring every few minutes, forcing me to re-login. Hello, ",Account Access,Medium
TKT-00423,Can you provide a comparison between the Pro and Enterprise ...,Can you provide a comparison between the Pro and Enterprise tiers?,General Inquiry,Medium
TKT-00424,Just wanted to say thanks — the new update is really smooth!...,Just wanted to say thanks — the new update is really smooth! Looking forward to a quick resolution. ,General Inquiry,Low
TKT-00425,Need an emergency meeting with your solutions architect befo...,Need an emergency meeting with your solutions architect before our board call.,General Inquiry,High
TKT-00426,Looking forward to a quick resolution. How do I set up autom...,Looking forward to a quick resolution. How do I set up automatic payments for my subscription? Appreciate your help. ,Billing,Low
TKT-00427,"Dear support, Where can I find your community forum or user ...","Dear support, Where can I find your community forum or user group?",General Inquiry,Low
TKT-00428,How do I set up automatic payments for my subscription?,How do I set up automatic payments for my subscription?,Billing,Low
TKT-00429,The SLA breach count has exceeded the threshold. Requesting ...,The SLA breach count has exceeded the threshold. Requesting formal review.,General Inquiry,High
TKT-00430,Unauthorized charge on my account. I did not authorize this ...,Unauthorized charge on my account. I did not authorize this transaction at all.,Billing,High
TKT-00431,Do you have case studies from companies in the healthcare se...,Do you have case studies from companies in the healthcare sector?,General Inquiry,Medium
TKT-00432,What happens to my data if I miss a payment cycle?,What happens to my data if I miss a payment cycle?,Billing,Low
TKT-00433,Would love an option to customize the color theme of the int...,Would love an option to customize the color theme of the interface. Please note: ,Technical,Low
TKT-00434,Urgent: The drag-and-drop feature stopped working in the lat...,Urgent: The drag-and-drop feature stopped working in the latest Chrome update.,Technical,Medium
TKT-00435,Do you have a referral program for existing customers?,Do you have a referral program for existing customers?,General Inquiry,Low
TKT-00436,I changed my email and now I can't verify my identity.,I changed my email and now I can't verify my identity.,Account Access,Medium
TKT-00437,Appreciate your help. What are your customer support hours o...,Appreciate your help. What are your customer support hours on weekends?,General Inquiry,Low
TKT-00438,Password reset link expired instantly. I've tried five times...,Password reset link expired instantly. I've tried five times with no luck.,Account Access,High
TKT-00439,This is really frustrating. Can I get a breakdown of charges...,This is really frustrating. Can I get a breakdown of charges for the last six months? Please prioritize this. ,Billing,Low
TKT-00440,"My session keeps expiring every few minutes, forcing me to r...","My session keeps expiring every few minutes, forcing me to re-login. We've been waiting for days. ",Account Access,Medium
TKT-00441,What are the password complexity requirements?,What are the password complexity requirements?,Account Access,Low
TKT-00442,Where can I download old receipts from my account?,Where can I download old receipts from my account?,Billing,Low
TKT-00443,The entire platform is down and our team cannot access any r...,The entire platform is down and our team cannot access any resources!,Technical,High
TKT-00444,"Hi team, Is there an API rate-limit increase available for o...","Hi team, Is there an API rate-limit increase available for our current plan?",General Inquiry,Medium
TKT-00445,How do I enable two-factor authentication for my account? Th...,How do I enable two-factor authentication for my account? Thanks in advance. ,Account Access,Medium
TKT-00446,How do I set up automatic payments for my subscription?,How do I set up automatic payments for my subscription?,Billing,Low
TKT-00447,I can log in on mobile but the web app says my credentials a...,I can log in on mobile but the web app says my credentials are invalid.,Account Access,Medium
TKT-00448,"Also, File uploads fail silently when the file size exceeds ...","Also, File uploads fail silently when the file size exceeds 10 MB.",Technical,Medium
TKT-00449,Need a copy of my invoice from last quarter for tax purposes...,Need a copy of my invoice from last quarter for tax purposes.,Billing,Medium
TKT-00450,Unauthorized charge on my account. I did not authorize this ...,Unauthorized charge on my account. I did not authorize this transaction at all.,Billing,High
TKT-00451,I see a mysterious charge labeled 'premium upgrade' that I n...,I see a mysterious charge labeled 'premium upgrade' that I never requested. This is really frustrating. ,Billing,High
TKT-00452,Appreciate your help. The dashboard loads very slowly — take...,Appreciate your help. The dashboard loads very slowly — takes over 30 seconds every time.,Technical,Medium
TKT-00453,Would love an option to customize the color theme of the int...,Would love an option to customize the color theme of the interface.,Technical,Low
TKT-00454,Where do I manage email notification preferences? Thanks in ...,Where do I manage email notification preferences? Thanks in advance. ,Account Access,Low
TKT-00455,"By the way, My session keeps expiring every few minutes, for...","By the way, My session keeps expiring every few minutes, forcing me to re-login.",Account Access,Medium
TKT-00456,Where can I read your terms of service and privacy policy?,Where can I read your terms of service and privacy policy?,General Inquiry,Low
TKT-00457,Duplicate billing on invoice #98321. Escalate this immediate...,Duplicate billing on invoice #98321. Escalate this immediately.,Billing,High
TKT-00458,Server returns 500 error on every API call since this mornin...,Server returns 500 error on every API call since this morning. Production blocked.,Technical,High
TKT-00459,Password reset link expired instantly. I've tried five times...,Password reset link expired instantly. I've tried five times with no luck. Looking forward to a quick resolution. ,Account Access,High
TKT-00460,My promo code didn't apply at checkout. Can someone look int...,My promo code didn't apply at checkout. Can someone look into this?,Billing,Medium
TKT-00461,Please note: The entire platform is down and our team cannot...,Please note: The entire platform is down and our team cannot access any resources!,Technical,High
TKT-00462,This is really frustrating. File uploads fail silently when ...,This is really frustrating. File uploads fail silently when the file size exceeds 10 MB.,Technical,Medium
TKT-00463,File uploads fail silently when the file size exceeds 10 MB....,"File uploads fail silently when the file size exceeds 10 MB. By the way, ",Technical,Medium
TKT-00464,Looking forward to a quick resolution. My session keeps expi...,"Looking forward to a quick resolution. My session keeps expiring every few minutes, forcing me to re-login.",Account Access,Medium
TKT-00465,What are your customer support hours on weekends?,What are your customer support hours on weekends?,General Inquiry,Low
TKT-00466,File uploads fail silently when the file size exceeds 10 MB....,File uploads fail silently when the file size exceeds 10 MB. FYI — ,Technical,Medium
TKT-00467,I need to transfer ownership of this account to a colleague.,I need to transfer ownership of this account to a colleague.,Account Access,Medium
TKT-00468,Can you add an option to sort tickets by creation date in as...,Can you add an option to sort tickets by creation date in ascending order?,Technical,Low
TKT-00469,Is there an option to set a profile picture?,Is there an option to set a profile picture?,Account Access,Low
TKT-00470,Our contract expires tomorrow and we haven't received the re...,Our contract expires tomorrow and we haven't received the renewal terms yet.,General Inquiry,High
TKT-00471,It would be nice to have dark mode support in the web app. W...,It would be nice to have dark mode support in the web app. We've been waiting for days. ,Technical,Low
TKT-00472,"Is there an option to set a profile picture? Hello, ","Is there an option to set a profile picture? Hello, ",Account Access,Low
TKT-00473,Please note: Where do I manage email notification preference...,Please note: Where do I manage email notification preferences?,Account Access,Low
TKT-00474,How do I enable two-factor authentication for my account?,How do I enable two-factor authentication for my account?,Account Access,Medium
TKT-00475,"Hi team, Subscription auto-renewed after I explicitly opted ...","Hi team, Subscription auto-renewed after I explicitly opted out. Refund required urgently.",Billing,High
TKT-00476,Subscription auto-renewed after I explicitly opted out. Refu...,Subscription auto-renewed after I explicitly opted out. Refund required urgently.,Billing,High
TKT-00477,"Also, I see a mysterious charge labeled 'premium upgrade' th...","Also, I see a mysterious charge labeled 'premium upgrade' that I never requested.",Billing,High
TKT-00478,"Hello, Our contract expires tomorrow and we haven't received...","Hello, Our contract expires tomorrow and we haven't received the renewal terms yet.",General Inquiry,High
TKT-00479,Where can I find my account ID or customer number? Please pr...,Where can I find my account ID or customer number? Please prioritize this. ,Account Access,Low
TKT-00480,FYI — I forgot my password and the reset email goes to an ol...,FYI — I forgot my password and the reset email goes to an old address.,Account Access,Medium
TKT-00481,Please prioritize this. Can we get a dedicated account manag...,Please prioritize this. Can we get a dedicated account manager for our organization?,General Inquiry,Medium
TKT-00482,Looking forward to a quick resolution. Password reset link e...,Looking forward to a quick resolution. Password reset link expired instantly. I've tried five times with no luck.,Account Access,High
TKT-00483,Thanks in advance. Do you offer any nonprofit pricing or spe...,Thanks in advance. Do you offer any nonprofit pricing or special plans?,Billing,Low
TKT-00484,Is there a student discount available for the premium plan?,Is there a student discount available for the premium plan?,Billing,Low
TKT-00485,Two-factor authentication emails are arriving with a 15-minu...,Two-factor authentication emails are arriving with a 15-minute delay.,Technical,Medium
TKT-00486,"How do I disconnect a linked social media account? Hello, ","How do I disconnect a linked social media account? Hello, ",Account Access,Low
TKT-00487,Please prioritize this. Can I get a breakdown of charges for...,Please prioritize this. Can I get a breakdown of charges for the last six months?,Billing,Low
TKT-00488,Can you explain the extra fee on my latest invoice?,Can you explain the extra fee on my latest invoice?,Billing,Medium
TKT-00489,"By the way, I cancelled my plan last week but was still char...","By the way, I cancelled my plan last week but was still charged the full annual fee today.",Billing,High
TKT-00490,"Also, I forgot my password and the reset email goes to an ol...","Also, I forgot my password and the reset email goes to an old address.",Account Access,Medium
TKT-00491,Integration with our CRM completely broke after your last de...,Integration with our CRM completely broke after your last deployment.,Technical,High
TKT-00492,Please prioritize this. Can I get a breakdown of charges for...,Please prioritize this. Can I get a breakdown of charges for the last six months?,Billing,Low
TKT-00493,Please prioritize this. Minor typo on the settings page: 'No...,Please prioritize this. Minor typo on the settings page: 'Notifcations' instead of 'Notifications'. Looking forward to a quick resolution. ,Technical,Low
TKT-00494,Is there an option to set a profile picture? Thanks in advan...,Is there an option to set a profile picture? Thanks in advance. ,Account Access,Low
TKT-00495,Regulatory audit requires compliance documentation by end of...,Regulatory audit requires compliance documentation by end of day. Please expedite.,General Inquiry,High
TKT-00496,I forgot my password and the reset email goes to an old addr...,I forgot my password and the reset email goes to an old address.,Account Access,Medium
TKT-00497,Can we get a dedicated account manager for our organization?,Can we get a dedicated account manager for our organization?,General Inquiry,Medium
TKT-00498,"Hi team, Password reset link expired instantly. I've tried f...","Hi team, Password reset link expired instantly. I've tried five times with no luck. Thanks in advance. ",Account Access,High
TKT-00499,Can you merge my two accounts into a single one?,Can you merge my two accounts into a single one?,Account Access,Medium
TKT-00500,Are there any upcoming webinars or online events we can join...,Are there any upcoming webinars or online events we can join?,General Inquiry,Low
TKT-00501,How do I disconnect a linked social media account?,How do I disconnect a linked social media account?,Account Access,Low
TKT-00502,Please note: How do I set up automatic payments for my subsc...,Please note: How do I set up automatic payments for my subscription?,Billing,Low
TKT-00503,I want to downgrade my plan. Will I receive a prorated refun...,I want to downgrade my plan. Will I receive a prorated refund? This is really frustrating. ,Billing,Medium
TKT-00504,Looking forward to a quick resolution. The entire platform i...,Looking forward to a quick resolution. The entire platform is down and our team cannot access any resources!,Technical,High
TKT-00505,Hoping someone can assist. My credit card was billed $500 in...,"Hoping someone can assist. My credit card was billed $500 instead of $50. This is urgent, please fix now!",Billing,High
TKT-00506,Is there an API rate-limit increase available for our curren...,Is there an API rate-limit increase available for our current plan?,General Inquiry,Medium
TKT-00507,Would love an option to customize the color theme of the int...,Would love an option to customize the color theme of the interface. Please prioritize this. ,Technical,Low
TKT-00508,Critical data loss after the latest update. We need recovery...,Critical data loss after the latest update. We need recovery immediately.,Technical,High
TKT-00509,Please note: Integration with our CRM completely broke after...,Please note: Integration with our CRM completely broke after your last deployment.,Technical,High
TKT-00510,Reports show incorrect date ranges when timezone is set to U...,Reports show incorrect date ranges when timezone is set to UTC.,Technical,Medium
TKT-00511,Please prioritize this. The drag-and-drop feature stopped wo...,Please prioritize this. The drag-and-drop feature stopped working in the latest Chrome update.,Technical,Medium
TKT-00512,I want to downgrade my plan. Will I receive a prorated refun...,I want to downgrade my plan. Will I receive a prorated refund?,Billing,Medium
TKT-00513,"Also, Security vulnerability found. Sensitive customer data ...","Also, Security vulnerability found. Sensitive customer data may be exposed.",Technical,High
TKT-00514,Thanks in advance. Server returns 500 error on every API cal...,Thanks in advance. Server returns 500 error on every API call since this morning. Production blocked.,Technical,High
TKT-00515,Please note: Executive sponsor wants a migration timeline do...,Please note: Executive sponsor wants a migration timeline document before signing the PO.,General Inquiry,High
TKT-00516,Multi-factor authentication is broken; I cannot receive any ...,Multi-factor authentication is broken; I cannot receive any verification codes.,Account Access,High
TKT-00517,We've been waiting for days. What is the process for submitt...,We've been waiting for days. What is the process for submitting a feature request?,General Inquiry,Medium
TKT-00518,Where can I read your terms of service and privacy policy?,Where can I read your terms of service and privacy policy?,General Inquiry,Low
TKT-00519,Thanks in advance. Can you add keyboard shortcuts for the mo...,Thanks in advance. Can you add keyboard shortcuts for the most common actions?,Technical,Low
TKT-00520,Where can I find my account ID or customer number?,Where can I find my account ID or customer number?,Account Access,Low
TKT-00521,Can you explain the extra fee on my latest invoice?,Can you explain the extra fee on my latest invoice?,Billing,Medium
TKT-00522,FYI — Is there an API rate-limit increase available for our ...,FYI — Is there an API rate-limit increase available for our current plan? Thanks in advance. ,General Inquiry,Medium
TKT-00523,Looking forward to a quick resolution. I changed my email an...,Looking forward to a quick resolution. I changed my email and now I can't verify my identity.,Account Access,Medium
TKT-00524,The SLA breach count has exceeded the threshold. Requesting ...,The SLA breach count has exceeded the threshold. Requesting formal review. Thanks in advance. ,General Inquiry,High
TKT-00525,Thanks in advance. How do I disconnect a linked social media...,Thanks in advance. How do I disconnect a linked social media account?,Account Access,Low
TKT-00526,We've been waiting for days. What are the password complexit...,We've been waiting for days. What are the password complexity requirements?,Account Access,Low
TKT-00527,"By the way, I'm completely locked out after too many failed ...","By the way, I'm completely locked out after too many failed login attempts. Please unlock.",Account Access,High
TKT-00528,Integration with our CRM completely broke after your last de...,"Integration with our CRM completely broke after your last deployment. Hello, ",Technical,High
TKT-00529,"Hi team, Reports show incorrect date ranges when timezone is...","Hi team, Reports show incorrect date ranges when timezone is set to UTC.",Technical,Medium
TKT-00530,We've been waiting for days. Integration with our CRM comple...,We've been waiting for days. Integration with our CRM completely broke after your last deployment.,Technical,High
TKT-00531,"Hi team, What new features are planned for the next product ...","Hi team, What new features are planned for the next product release?",General Inquiry,Medium
TKT-00532,I forgot my password and the reset email goes to an old addr...,I forgot my password and the reset email goes to an old address.,Account Access,Medium
TKT-00533,I want to downgrade my plan. Will I receive a prorated refun...,I want to downgrade my plan. Will I receive a prorated refund?,Billing,Medium
TKT-00534,It would be nice to have dark mode support in the web app.,It would be nice to have dark mode support in the web app.,Technical,Low
TKT-00535,Integration with our CRM completely broke after your last de...,Integration with our CRM completely broke after your last deployment.,Technical,High
TKT-00536,Please prioritize this. The SLA breach count has exceeded th...,Please prioritize this. The SLA breach count has exceeded the threshold. Requesting formal review. Please prioritize this. ,General Inquiry,High
TKT-00537,We've been waiting for days. The dashboard loads very slowly...,We've been waiting for days. The dashboard loads very slowly — takes over 30 seconds every time.,Technical,Medium
TKT-00538,Server returns 500 error on every API call since this mornin...,Server returns 500 error on every API call since this morning. Production blocked.,Technical,High
TKT-00539,Appreciate your help. Someone changed my email address on fi...,Appreciate your help. Someone changed my email address on file. I think my account was hacked. We've been waiting for days. ,Account Access,High
TKT-00540,This is really frustrating. My admin privileges were revoked...,This is really frustrating. My admin privileges were revoked and I can no longer manage our team. This is really frustrating. ,Account Access,High
TKT-00541,Where can I find your community forum or user group?,Where can I find your community forum or user group?,General Inquiry,Low
TKT-00542,My credit card was billed $500 instead of $50. This is urgen...,"My credit card was billed $500 instead of $50. This is urgent, please fix now!",Billing,High
TKT-00543,Can you add an option to sort tickets by creation date in as...,Can you add an option to sort tickets by creation date in ascending order?,Technical,Low
TKT-00544,Where can I find the latest product documentation and releas...,Where can I find the latest product documentation and release notes?,General Inquiry,Medium
TKT-00545,Security vulnerability found. Sensitive customer data may be...,Security vulnerability found. Sensitive customer data may be exposed.,Technical,High
TKT-00546,Appreciate your help. How do I set up automatic payments for...,Appreciate your help. How do I set up automatic payments for my subscription? Please note: ,Billing,Low
TKT-00547,FYI — Where can I find your community forum or user group?,FYI — Where can I find your community forum or user group?,General Inquiry,Low
TKT-00548,We'd like to schedule a training session for our new team me...,We'd like to schedule a training session for our new team members.,General Inquiry,Medium
TKT-00549,Urgent: I'd like to switch from monthly to annual billing. W...,Urgent: I'd like to switch from monthly to annual billing. What are the steps?,Billing,Medium
TKT-00550,FYI — Export to CSV feature is generating corrupted files in...,FYI — Export to CSV feature is generating corrupted files intermittently.,Technical,Medium
TKT-00551,"By the way, How do I disconnect a linked social media accoun...","By the way, How do I disconnect a linked social media account?",Account Access,Low
TKT-00552,The discount I was promised during sign-up isn't reflected o...,"The discount I was promised during sign-up isn't reflected on my bill. Hi team, ",Billing,Medium
TKT-00553,Someone changed my email address on file. I think my account...,Someone changed my email address on file. I think my account was hacked.,Account Access,High
TKT-00554,Server returns 500 error on every API call since this mornin...,Server returns 500 error on every API call since this morning. Production blocked. Urgent: ,Technical,High
TKT-00555,The drag-and-drop feature stopped working in the latest Chro...,"The drag-and-drop feature stopped working in the latest Chrome update. Hi team, ",Technical,Medium
TKT-00556,Hoping someone can assist. Reports show incorrect date range...,Hoping someone can assist. Reports show incorrect date ranges when timezone is set to UTC. Urgent: ,Technical,Medium
TKT-00557,Database sync is corrupted and none of our records are loadi...,"Database sync is corrupted and none of our records are loading properly. By the way, ",Technical,High
TKT-00558,"Hi team, Can I get a breakdown of charges for the last six m...","Hi team, Can I get a breakdown of charges for the last six months?",Billing,Low
TKT-00559,Executive sponsor wants a migration timeline document before...,Executive sponsor wants a migration timeline document before signing the PO.,General Inquiry,High
TKT-00560,Can you add an option to sort tickets by creation date in as...,Can you add an option to sort tickets by creation date in ascending order?,Technical,Low
TKT-00561,Appreciate your help. Regulatory audit requires compliance d...,Appreciate your help. Regulatory audit requires compliance documentation by end of day. Please expedite.,General Inquiry,High
TKT-00562,"Hi team, Database sync is corrupted and none of our records ...","Hi team, Database sync is corrupted and none of our records are loading properly.",Technical,High
TKT-00563,Two-factor authentication emails are arriving with a 15-minu...,Two-factor authentication emails are arriving with a 15-minute delay.,Technical,Medium
TKT-00564,Hoping someone can assist. Can you add an option to sort tic...,Hoping someone can assist. Can you add an option to sort tickets by creation date in ascending order?,Technical,Low
TKT-00565,Need a copy of my invoice from last quarter for tax purposes...,Need a copy of my invoice from last quarter for tax purposes.,Billing,Medium
TKT-00566,What new features are planned for the next product release?,What new features are planned for the next product release?,General Inquiry,Medium
TKT-00567,Do you have a referral program for existing customers? This ...,Do you have a referral program for existing customers? This is really frustrating. ,General Inquiry,Low
TKT-00568,Why was I charged a different amount than what's shown on th...,Why was I charged a different amount than what's shown on the pricing page? Urgent: ,Billing,Medium
TKT-00569,Application crashes on login for all users in our organizati...,Application crashes on login for all users in our organization.,Technical,High
TKT-00570,Someone changed my email address on file. I think my account...,Someone changed my email address on file. I think my account was hacked.,Account Access,High
TKT-00571,Executive sponsor wants a migration timeline document before...,Executive sponsor wants a migration timeline document before signing the PO.,General Inquiry,High
TKT-00572,Can I provide feedback on a recent support interaction?,Can I provide feedback on a recent support interaction?,General Inquiry,Low
TKT-00573,Please note: It would be nice to have dark mode support in t...,Please note: It would be nice to have dark mode support in the web app.,Technical,Low
TKT-00574,Can you add keyboard shortcuts for the most common actions? ...,Can you add keyboard shortcuts for the most common actions? Looking forward to a quick resolution. ,Technical,Low
TKT-00575,Can we get a dedicated account manager for our organization?,Can we get a dedicated account manager for our organization?,General Inquiry,Medium
TKT-00576,Urgent: Someone changed my email address on file. I think my...,Urgent: Someone changed my email address on file. I think my account was hacked. This is really frustrating. ,Account Access,High
TKT-00577,Is there an option to set a profile picture?,Is there an option to set a profile picture?,Account Access,Low
TKT-00578,"Also, We'd like to schedule a training session for our new t...","Also, We'd like to schedule a training session for our new team members.",General Inquiry,Medium
TKT-00579,Reports show incorrect date ranges when timezone is set to U...,Reports show incorrect date ranges when timezone is set to UTC. We've been waiting for days. ,Technical,Medium
TKT-00580,"Hello, Are there any upcoming webinars or online events we c...","Hello, Are there any upcoming webinars or online events we can join?",General Inquiry,Low
TKT-00581,"By the way, Database sync is corrupted and none of our recor...","By the way, Database sync is corrupted and none of our records are loading properly.",Technical,High
TKT-00582,Urgent: Where can I read your terms of service and privacy p...,Urgent: Where can I read your terms of service and privacy policy? This is really frustrating. ,General Inquiry,Low
TKT-00583,Can you explain the extra fee on my latest invoice?,Can you explain the extra fee on my latest invoice?,Billing,Medium
TKT-00584,We'd like to schedule a training session for our new team me...,We'd like to schedule a training session for our new team members.,General Inquiry,Medium
TKT-00585,How do I view my login history for security review?,How do I view my login history for security review?,Account Access,Low
TKT-00586,"Hi team, Unauthorized login detected from a foreign IP. Lock...","Hi team, Unauthorized login detected from a foreign IP. Lock my account immediately.",Account Access,High
TKT-00587,This is really frustrating. How do I set up automatic paymen...,This is really frustrating. How do I set up automatic payments for my subscription?,Billing,Low
TKT-00588,Database sync is corrupted and none of our records are loadi...,Database sync is corrupted and none of our records are loading properly.,Technical,High
TKT-00589,Hoping someone can assist. Do you have a referral program fo...,Hoping someone can assist. Do you have a referral program for existing customers?,General Inquiry,Low
TKT-00590,I'd like to switch from monthly to annual billing. What are ...,I'd like to switch from monthly to annual billing. What are the steps?,Billing,Medium
TKT-00591,"By the way, Minor typo on the settings page: 'Notifcations' ...","By the way, Minor typo on the settings page: 'Notifcations' instead of 'Notifications'. We've been waiting for days. ",Technical,Low
TKT-00592,I changed my email and now I can't verify my identity.,I changed my email and now I can't verify my identity.,Account Access,Medium
TKT-00593,We've been waiting for days. Our contract expires tomorrow a...,We've been waiting for days. Our contract expires tomorrow and we haven't received the renewal terms yet.,General Inquiry,High
TKT-00594,Can I get a breakdown of charges for the last six months?,Can I get a breakdown of charges for the last six months?,Billing,Low
TKT-00595,Please note: We'd like to schedule a training session for ou...,Please note: We'd like to schedule a training session for our new team members.,General Inquiry,Medium
TKT-00596,Do you offer any nonprofit pricing or special plans?,Do you offer any nonprofit pricing or special plans?,Billing,Low
TKT-00597,I'm completely locked out after too many failed login attemp...,I'm completely locked out after too many failed login attempts. Please unlock.,Account Access,High
TKT-00598,I need to transfer ownership of this account to a colleague.,I need to transfer ownership of this account to a colleague.,Account Access,Medium
TKT-00599,"Dear support, What payment methods do you accept besides cre...","Dear support, What payment methods do you accept besides credit cards?",Billing,Low
TKT-00600,Is there a way to change the default font size in the dashbo...,"Is there a way to change the default font size in the dashboard? Hi team, ",Technical,Low
TKT-00601,Where do I manage email notification preferences?,Where do I manage email notification preferences?,Account Access,Low
TKT-00602,Where can I read your terms of service and privacy policy? A...,"Where can I read your terms of service and privacy policy? Also, ",General Inquiry,Low
TKT-00603,Please note: Application crashes on login for all users in o...,Please note: Application crashes on login for all users in our organization.,Technical,High
TKT-00604,What happens to my data if I miss a payment cycle?,What happens to my data if I miss a payment cycle?,Billing,Low
TKT-00605,How do I enable two-factor authentication for my account? Th...,How do I enable two-factor authentication for my account? Thanks in advance. ,Account Access,Medium
TKT-00606,Is there a way to change the default font size in the dashbo...,Is there a way to change the default font size in the dashboard?,Technical,Low
TKT-00607,We've been waiting for days. Our automated pipeline is faili...,We've been waiting for days. Our automated pipeline is failing because your API endpoint is unreachable.,Technical,High
TKT-00608,Application crashes on login for all users in our organizati...,Application crashes on login for all users in our organization. Urgent: ,Technical,High
TKT-00609,It would be nice to have dark mode support in the web app.,It would be nice to have dark mode support in the web app.,Technical,Low
TKT-00610,Integration with our CRM completely broke after your last de...,Integration with our CRM completely broke after your last deployment.,Technical,High
TKT-00611,FYI — Can you add an option to sort tickets by creation date...,FYI — Can you add an option to sort tickets by creation date in ascending order?,Technical,Low
TKT-00612,The entire platform is down and our team cannot access any r...,The entire platform is down and our team cannot access any resources!,Technical,High
TKT-00613,This is really frustrating. Regulatory audit requires compli...,This is really frustrating. Regulatory audit requires compliance documentation by end of day. Please expedite. Appreciate your help. ,General Inquiry,High
TKT-00614,Hoping someone can assist. Export to CSV feature is generati...,Hoping someone can assist. Export to CSV feature is generating corrupted files intermittently.,Technical,Medium
TKT-00615,Payment failed but money was deducted from my bank. Need res...,Payment failed but money was deducted from my bank. Need resolution ASAP. We've been waiting for days. ,Billing,High
TKT-00616,"Hello, Is there a student discount available for the premium...","Hello, Is there a student discount available for the premium plan?",Billing,Low
TKT-00617,Can we get a dedicated account manager for our organization?,Can we get a dedicated account manager for our organization?,General Inquiry,Medium
TKT-00618,"By the way, Reports show incorrect date ranges when timezone...","By the way, Reports show incorrect date ranges when timezone is set to UTC.",Technical,Medium
TKT-00619,Why was I charged a different amount than what's shown on th...,Why was I charged a different amount than what's shown on the pricing page? Please prioritize this. ,Billing,Medium
TKT-00620,The on-boarding tooltip covers the submit button on smaller ...,The on-boarding tooltip covers the submit button on smaller screens.,Technical,Low
TKT-00621,My credit card was billed $500 instead of $50. This is urgen...,"My credit card was billed $500 instead of $50. This is urgent, please fix now!",Billing,High
TKT-00622,What is the process for submitting a feature request?,What is the process for submitting a feature request?,General Inquiry,Medium
TKT-00623,Multi-factor authentication is broken; I cannot receive any ...,Multi-factor authentication is broken; I cannot receive any verification codes.,Account Access,High
TKT-00624,"Urgent: My session keeps expiring every few minutes, forcing...","Urgent: My session keeps expiring every few minutes, forcing me to re-login.",Account Access,Medium
TKT-00625,Regulatory audit requires compliance documentation by end of...,Regulatory audit requires compliance documentation by end of day. Please expedite.,General Inquiry,High
TKT-00626,Looking forward to a quick resolution. Is there a way to cha...,Looking forward to a quick resolution. Is there a way to change the default font size in the dashboard?,Technical,Low
TKT-00627,We've been waiting for days. I forgot my password and the re...,"We've been waiting for days. I forgot my password and the reset email goes to an old address. Dear support, ",Account Access,Medium
TKT-00628,This is really frustrating. I see a mysterious charge labele...,This is really frustrating. I see a mysterious charge labeled 'premium upgrade' that I never requested.,Billing,High
TKT-00629,Please prioritize this. Where can I find the latest product ...,Please prioritize this. Where can I find the latest product documentation and release notes?,General Inquiry,Medium
TKT-00630,"Hello, The discount I was promised during sign-up isn't refl...","Hello, The discount I was promised during sign-up isn't reflected on my bill.",Billing,Medium
TKT-00631,Looking forward to a quick resolution. We'd like to schedule...,Looking forward to a quick resolution. We'd like to schedule a training session for our new team members.,General Inquiry,Medium
TKT-00632,Do you have a referral program for existing customers? By th...,"Do you have a referral program for existing customers? By the way, ",General Inquiry,Low
TKT-00633,I cancelled my plan last week but was still charged the full...,I cancelled my plan last week but was still charged the full annual fee today. Please note: ,Billing,High
TKT-00634,This is really frustrating. Where do I manage email notifica...,This is really frustrating. Where do I manage email notification preferences?,Account Access,Low
TKT-00635,Why was I charged a different amount than what's shown on th...,Why was I charged a different amount than what's shown on the pricing page?,Billing,Medium
TKT-00636,Hoping someone can assist. Our automated pipeline is failing...,"Hoping someone can assist. Our automated pipeline is failing because your API endpoint is unreachable. Hello, ",Technical,High
TKT-00637,Hoping someone can assist. Would love an option to customize...,Hoping someone can assist. Would love an option to customize the color theme of the interface.,Technical,Low
TKT-00638,Appreciate your help. What payment methods do you accept bes...,Appreciate your help. What payment methods do you accept besides credit cards? Looking forward to a quick resolution. ,Billing,Low
TKT-00639,Please note: What happens to my data if I miss a payment cyc...,Please note: What happens to my data if I miss a payment cycle?,Billing,Low
TKT-00640,How do I set up automatic payments for my subscription?,How do I set up automatic payments for my subscription?,Billing,Low
TKT-00641,Critical data loss after the latest update. We need recovery...,"Critical data loss after the latest update. We need recovery immediately. By the way, ",Technical,High
TKT-00642,"Hi team, Executive sponsor wants a migration timeline docume...","Hi team, Executive sponsor wants a migration timeline document before signing the PO.",General Inquiry,High
TKT-00643,"By the way, Is there a student discount available for the pr...","By the way, Is there a student discount available for the premium plan? Appreciate your help. ",Billing,Low
TKT-00644,Client-facing demo is tomorrow and the trial environment is ...,Client-facing demo is tomorrow and the trial environment is not set up yet.,General Inquiry,High
TKT-00645,Appreciate your help. Where can I find the latest product do...,Appreciate your help. Where can I find the latest product documentation and release notes?,General Inquiry,Medium
TKT-00646,"Also, Can I provide feedback on a recent support interaction...","Also, Can I provide feedback on a recent support interaction?",General Inquiry,Low
TKT-00647,Please note: Database sync is corrupted and none of our reco...,Please note: Database sync is corrupted and none of our records are loading properly.,Technical,High
TKT-00648,Our contract expires tomorrow and we haven't received the re...,Our contract expires tomorrow and we haven't received the renewal terms yet.,General Inquiry,High
TKT-00649,We've been waiting for days. Minor typo on the settings page...,We've been waiting for days. Minor typo on the settings page: 'Notifcations' instead of 'Notifications'.,Technical,Low
TKT-00650,My admin privileges were revoked and I can no longer manage ...,"My admin privileges were revoked and I can no longer manage our team. Dear support, ",Account Access,High
TKT-00651,Can you explain the extra fee on my latest invoice? Please n...,Can you explain the extra fee on my latest invoice? Please note: ,Billing,Medium
TKT-00652,I was charged twice for my subscription this month and need ...,I was charged twice for my subscription this month and need an immediate refund.,Billing,High
TKT-00653,Reports show incorrect date ranges when timezone is set to U...,Reports show incorrect date ranges when timezone is set to UTC.,Technical,Medium
TKT-00654,Urgent: We'd like to schedule a training session for our new...,Urgent: We'd like to schedule a training session for our new team members. Please prioritize this. ,General Inquiry,Medium
TKT-00655,Server returns 500 error on every API call since this mornin...,Server returns 500 error on every API call since this morning. Production blocked.,Technical,High
TKT-00656,"Hi team, Can you provide a comparison between the Pro and En...","Hi team, Can you provide a comparison between the Pro and Enterprise tiers?",General Inquiry,Medium
TKT-00657,Please prioritize this. The entire platform is down and our ...,Please prioritize this. The entire platform is down and our team cannot access any resources!,Technical,High
TKT-00658,This is really frustrating. I forgot my password and the res...,This is really frustrating. I forgot my password and the reset email goes to an old address.,Account Access,Medium
TKT-00659,FYI — Where can I download old receipts from my account?,FYI — Where can I download old receipts from my account?,Billing,Low
TKT-00660,What happens to my data if I miss a payment cycle?,What happens to my data if I miss a payment cycle?,Billing,Low
TKT-00661,FYI — What are your customer support hours on weekends?,FYI — What are your customer support hours on weekends?,General Inquiry,Low
TKT-00662,Export to CSV feature is generating corrupted files intermit...,Export to CSV feature is generating corrupted files intermittently. Hoping someone can assist. ,Technical,Medium
TKT-00663,Account suspended without explanation. I have a client demo ...,Account suspended without explanation. I have a client demo in one hour! Appreciate your help. ,Account Access,High
TKT-00664,Can you provide a comparison between the Pro and Enterprise ...,Can you provide a comparison between the Pro and Enterprise tiers?,General Inquiry,Medium
TKT-00665,Subscription auto-renewed after I explicitly opted out. Refu...,Subscription auto-renewed after I explicitly opted out. Refund required urgently. FYI — ,Billing,High
TKT-00666,Export to CSV feature is generating corrupted files intermit...,Export to CSV feature is generating corrupted files intermittently.,Technical,Medium
TKT-00667,Need a copy of my invoice from last quarter for tax purposes...,Need a copy of my invoice from last quarter for tax purposes. We've been waiting for days. ,Billing,Medium
TKT-00668,"Hello, I cancelled my plan last week but was still charged t...","Hello, I cancelled my plan last week but was still charged the full annual fee today.",Billing,High
TKT-00669,What payment methods do you accept besides credit cards?,What payment methods do you accept besides credit cards?,Billing,Low
TKT-00670,Please note: How do I disconnect a linked social media accou...,Please note: How do I disconnect a linked social media account?,Account Access,Low
TKT-00671,"By the way, Is there a mobile app available for Android?","By the way, Is there a mobile app available for Android?",General Inquiry,Low
TKT-00672,Hoping someone can assist. Can you explain the extra fee on ...,Hoping someone can assist. Can you explain the extra fee on my latest invoice?,Billing,Medium
TKT-00673,"Dear support, I see a mysterious charge labeled 'premium upg...","Dear support, I see a mysterious charge labeled 'premium upgrade' that I never requested.",Billing,High
TKT-00674,"Dear support, File uploads fail silently when the file size ...","Dear support, File uploads fail silently when the file size exceeds 10 MB. Please note: ",Technical,Medium
TKT-00675,The drag-and-drop feature stopped working in the latest Chro...,"The drag-and-drop feature stopped working in the latest Chrome update. Hello, ",Technical,Medium
TKT-00676,The SLA breach count has exceeded the threshold. Requesting ...,The SLA breach count has exceeded the threshold. Requesting formal review.,General Inquiry,High
TKT-00677,Please prioritize this. Do you have a referral program for e...,Please prioritize this. Do you have a referral program for existing customers?,General Inquiry,Low
TKT-00678,Security vulnerability found. Sensitive customer data may be...,Security vulnerability found. Sensitive customer data may be exposed.,Technical,High
TKT-00679,Looking forward to a quick resolution. Duplicate billing on ...,Looking forward to a quick resolution. Duplicate billing on invoice #98321. Escalate this immediately.,Billing,High
TKT-00680,Thanks in advance. What are your customer support hours on w...,Thanks in advance. What are your customer support hours on weekends?,General Inquiry,Low
TKT-00681,Unauthorized login detected from a foreign IP. Lock my accou...,Unauthorized login detected from a foreign IP. Lock my account immediately.,Account Access,High
TKT-00682,Please prioritize this. Can I get a breakdown of charges for...,Please prioritize this. Can I get a breakdown of charges for the last six months? We've been waiting for days. ,Billing,Low
TKT-00683,How do I disconnect a linked social media account?,How do I disconnect a linked social media account?,Account Access,Low
TKT-00684,Where can I find your community forum or user group?,Where can I find your community forum or user group?,General Inquiry,Low
TKT-00685,Appreciate your help. Can we get a dedicated account manager...,Appreciate your help. Can we get a dedicated account manager for our organization? Looking forward to a quick resolution. ,General Inquiry,Medium
TKT-00686,We've been waiting for days. Is there a student discount ava...,We've been waiting for days. Is there a student discount available for the premium plan?,Billing,Low
TKT-00687,Urgent: My admin privileges were revoked and I can no longer...,Urgent: My admin privileges were revoked and I can no longer manage our team. Please note: ,Account Access,High
TKT-00688,FYI — Where can I download old receipts from my account?,FYI — Where can I download old receipts from my account?,Billing,Low
TKT-00689,"Hello, Can you add an option to sort tickets by creation dat...","Hello, Can you add an option to sort tickets by creation date in ascending order?",Technical,Low
TKT-00690,Urgent: Database sync is corrupted and none of our records a...,Urgent: Database sync is corrupted and none of our records are loading properly.,Technical,High
TKT-00691,My promo code didn't apply at checkout. Can someone look int...,My promo code didn't apply at checkout. Can someone look into this?,Billing,Medium
TKT-00692,We've been waiting for days. Just wanted to say thanks — the...,We've been waiting for days. Just wanted to say thanks — the new update is really smooth!,General Inquiry,Low
TKT-00693,Need a copy of my invoice from last quarter for tax purposes...,Need a copy of my invoice from last quarter for tax purposes.,Billing,Medium
TKT-00694,FYI — Payment failed but money was deducted from my bank. Ne...,"FYI — Payment failed but money was deducted from my bank. Need resolution ASAP. Hi team, ",Billing,High
TKT-00695,"By the way, Can you merge my two accounts into a single one?","By the way, Can you merge my two accounts into a single one?",Account Access,Medium
TKT-00696,We've been waiting for days. Where can I download old receip...,We've been waiting for days. Where can I download old receipts from my account?,Billing,Low
TKT-00697,"Hi team, Server returns 500 error on every API call since th...","Hi team, Server returns 500 error on every API call since this morning. Production blocked.",Technical,High
TKT-00698,Can you provide a comparison between the Pro and Enterprise ...,Can you provide a comparison between the Pro and Enterprise tiers? We've been waiting for days. ,General Inquiry,Medium
TKT-00699,Can you explain the extra fee on my latest invoice? Looking ...,Can you explain the extra fee on my latest invoice? Looking forward to a quick resolution. ,Billing,Medium
TKT-00700,We've been waiting for days. I need to transfer ownership of...,We've been waiting for days. I need to transfer ownership of this account to a colleague.,Account Access,Medium
TKT-00701,"Dear support, It would be nice to have dark mode support in ...","Dear support, It would be nice to have dark mode support in the web app. Please prioritize this. ",Technical,Low
TKT-00702,Executive sponsor wants a migration timeline document before...,Executive sponsor wants a migration timeline document before signing the PO.,General Inquiry,High
TKT-00703,I see a mysterious charge labeled 'premium upgrade' that I n...,I see a mysterious charge labeled 'premium upgrade' that I never requested. Please note: ,Billing,High
TKT-00704,Please prioritize this. Can I get a breakdown of charges for...,Please prioritize this. Can I get a breakdown of charges for the last six months? Appreciate your help. ,Billing,Low
TKT-00705,Need an emergency meeting with your solutions architect befo...,Need an emergency meeting with your solutions architect before our board call.,General Inquiry,High
TKT-00706,Urgent: Where do I manage email notification preferences?,Urgent: Where do I manage email notification preferences?,Account Access,Low
TKT-00707,Multi-factor authentication is broken; I cannot receive any ...,Multi-factor authentication is broken; I cannot receive any verification codes.,Account Access,High
TKT-00708,The entire platform is down and our team cannot access any r...,The entire platform is down and our team cannot access any resources!,Technical,High
TKT-00709,The on-boarding tooltip covers the submit button on smaller ...,The on-boarding tooltip covers the submit button on smaller screens.,Technical,Low
TKT-00710,FYI — Legal team requires your updated data processing agree...,FYI — Legal team requires your updated data processing agreement within 24 hours. Appreciate your help. ,General Inquiry,High
TKT-00711,The entire platform is down and our team cannot access any r...,The entire platform is down and our team cannot access any resources!,Technical,High
TKT-00712,Subscription auto-renewed after I explicitly opted out. Refu...,Subscription auto-renewed after I explicitly opted out. Refund required urgently.,Billing,High
TKT-00713,Looking forward to a quick resolution. Server returns 500 er...,Looking forward to a quick resolution. Server returns 500 error on every API call since this morning. Production blocked. Thanks in advance. ,Technical,High
TKT-00714,Just wanted to say thanks — the new update is really smooth!,Just wanted to say thanks — the new update is really smooth!,General Inquiry,Low
TKT-00715,We've been waiting for days. Executive sponsor wants a migra...,We've been waiting for days. Executive sponsor wants a migration timeline document before signing the PO.,General Inquiry,High
TKT-00716,"Hello, What payment methods do you accept besides credit car...","Hello, What payment methods do you accept besides credit cards?",Billing,Low
TKT-00717,Is there a mobile app available for Android? This is really ...,Is there a mobile app available for Android? This is really frustrating. ,General Inquiry,Low
TKT-00718,Can you add keyboard shortcuts for the most common actions? ...,Can you add keyboard shortcuts for the most common actions? Hoping someone can assist. ,Technical,Low
TKT-00719,"Also, My session keeps expiring every few minutes, forcing m...","Also, My session keeps expiring every few minutes, forcing me to re-login. Please note: ",Account Access,Medium
TKT-00720,"Dear support, Need an emergency meeting with your solutions ...","Dear support, Need an emergency meeting with your solutions architect before our board call. Please prioritize this. ",General Inquiry,High
TKT-00721,Need an emergency meeting with your solutions architect befo...,Need an emergency meeting with your solutions architect before our board call.,General Inquiry,High
TKT-00722,FYI — Do you offer any nonprofit pricing or special plans?,FYI — Do you offer any nonprofit pricing or special plans?,Billing,Low
TKT-00723,Where can I download old receipts from my account?,Where can I download old receipts from my account?,Billing,Low
TKT-00724,The discount I was promised during sign-up isn't reflected o...,The discount I was promised during sign-up isn't reflected on my bill.,Billing,Medium
TKT-00725,"Hello, Our contract expires tomorrow and we haven't received...","Hello, Our contract expires tomorrow and we haven't received the renewal terms yet. FYI — ",General Inquiry,High
TKT-00726,Can I provide feedback on a recent support interaction?,Can I provide feedback on a recent support interaction?,General Inquiry,Low
TKT-00727,Thanks in advance. What is the process for submitting a feat...,Thanks in advance. What is the process for submitting a feature request?,General Inquiry,Medium
TKT-00728,Appreciate your help. Legal team requires your updated data ...,Appreciate your help. Legal team requires your updated data processing agreement within 24 hours.,General Inquiry,High
TKT-00729,Account suspended without explanation. I have a client demo ...,Account suspended without explanation. I have a client demo in one hour! FYI — ,Account Access,High
TKT-00730,Just wanted to say thanks — the new update is really smooth!,Just wanted to say thanks — the new update is really smooth!,General Inquiry,Low
TKT-00731,"Hello, My account has been locked and I cannot reset my pass...","Hello, My account has been locked and I cannot reset my password. Need access now!",Account Access,High
TKT-00732,Need an emergency meeting with your solutions architect befo...,"Need an emergency meeting with your solutions architect before our board call. Dear support, ",General Inquiry,High
TKT-00733,"Do you offer any nonprofit pricing or special plans? Hello, ","Do you offer any nonprofit pricing or special plans? Hello, ",Billing,Low
TKT-00734,Where can I download old receipts from my account?,Where can I download old receipts from my account?,Billing,Low
TKT-00735,Is there a mobile app available for Android? Please note: ,Is there a mobile app available for Android? Please note: ,General Inquiry,Low
TKT-00736,Hoping someone can assist. Where can I find your community f...,"Hoping someone can assist. Where can I find your community forum or user group? Also, ",General Inquiry,Low
TKT-00737,I see a mysterious charge labeled 'premium upgrade' that I n...,I see a mysterious charge labeled 'premium upgrade' that I never requested.,Billing,High
TKT-00738,How do I set up automatic payments for my subscription?,How do I set up automatic payments for my subscription?,Billing,Low
TKT-00739,"Dear support, How do I disconnect a linked social media acco...","Dear support, How do I disconnect a linked social media account?",Account Access,Low
TKT-00740,"By the way, Need an emergency meeting with your solutions ar...","By the way, Need an emergency meeting with your solutions architect before our board call.",General Inquiry,High
TKT-00741,Urgent: Payment failed but money was deducted from my bank. ...,Urgent: Payment failed but money was deducted from my bank. Need resolution ASAP.,Billing,High
TKT-00742,"Hi team, The discount I was promised during sign-up isn't re...","Hi team, The discount I was promised during sign-up isn't reflected on my bill. By the way, ",Billing,Medium
TKT-00743,Appreciate your help. Can I change the display name shown on...,Appreciate your help. Can I change the display name shown on my profile?,Account Access,Low
TKT-00744,Just wanted to say thanks — the new update is really smooth!,Just wanted to say thanks — the new update is really smooth!,General Inquiry,Low
TKT-00745,"By the way, Executive sponsor wants a migration timeline doc...","By the way, Executive sponsor wants a migration timeline document before signing the PO.",General Inquiry,High
TKT-00746,Our automated pipeline is failing because your API endpoint ...,Our automated pipeline is failing because your API endpoint is unreachable.,Technical,High
TKT-00747,What are your customer support hours on weekends? By the way...,"What are your customer support hours on weekends? By the way, ",General Inquiry,Low
TKT-00748,I see a mysterious charge labeled 'premium upgrade' that I n...,I see a mysterious charge labeled 'premium upgrade' that I never requested.,Billing,High
TKT-00749,"Hi team, Just wondering when the next billing cycle starts. ...","Hi team, Just wondering when the next billing cycle starts. We've been waiting for days. ",Billing,Low
TKT-00750,"Also, Do you have case studies from companies in the healthc...","Also, Do you have case studies from companies in the healthcare sector? Looking forward to a quick resolution. ",General Inquiry,Medium
TKT-00751,Export to CSV feature is generating corrupted files intermit...,Export to CSV feature is generating corrupted files intermittently. Hoping someone can assist. ,Technical,Medium
TKT-00752,Unauthorized login detected from a foreign IP. Lock my accou...,Unauthorized login detected from a foreign IP. Lock my account immediately.,Account Access,High
TKT-00753,Please prioritize this. Why was I charged a different amount...,Please prioritize this. Why was I charged a different amount than what's shown on the pricing page?,Billing,Medium
TKT-00754,"Dear support, What happens to my data if I miss a payment cy...","Dear support, What happens to my data if I miss a payment cycle?",Billing,Low
TKT-00755,Application crashes on login for all users in our organizati...,Application crashes on login for all users in our organization. This is really frustrating. ,Technical,High
TKT-00756,"Hello, Can you provide a comparison between the Pro and Ente...","Hello, Can you provide a comparison between the Pro and Enterprise tiers?",General Inquiry,Medium
TKT-00757,Multi-factor authentication is broken; I cannot receive any ...,Multi-factor authentication is broken; I cannot receive any verification codes.,Account Access,High
TKT-00758,How do I disconnect a linked social media account?,How do I disconnect a linked social media account?,Account Access,Low
TKT-00759,Can you merge my two accounts into a single one? Please prio...,Can you merge my two accounts into a single one? Please prioritize this. ,Account Access,Medium
TKT-00760,Just wanted to say thanks — the new update is really smooth!,Just wanted to say thanks — the new update is really smooth!,General Inquiry,Low
TKT-00761,Hoping someone can assist. Regulatory audit requires complia...,Hoping someone can assist. Regulatory audit requires compliance documentation by end of day. Please expedite.,General Inquiry,High
TKT-00762,Is there a student discount available for the premium plan? ...,"Is there a student discount available for the premium plan? Hi team, ",Billing,Low
TKT-00763,We've been waiting for days. Why was I charged a different a...,We've been waiting for days. Why was I charged a different amount than what's shown on the pricing page?,Billing,Medium
TKT-00764,This is really frustrating. Client-facing demo is tomorrow a...,This is really frustrating. Client-facing demo is tomorrow and the trial environment is not set up yet.,General Inquiry,High
TKT-00765,"Hi team, I'd like to switch from monthly to annual billing. ...","Hi team, I'd like to switch from monthly to annual billing. What are the steps?",Billing,Medium
TKT-00766,Two-factor authentication emails are arriving with a 15-minu...,Two-factor authentication emails are arriving with a 15-minute delay. This is really frustrating. ,Technical,Medium
TKT-00767,FYI — Executive sponsor wants a migration timeline document ...,FYI — Executive sponsor wants a migration timeline document before signing the PO. Appreciate your help. ,General Inquiry,High
TKT-00768,Our contract expires tomorrow and we haven't received the re...,Our contract expires tomorrow and we haven't received the renewal terms yet.,General Inquiry,High
TKT-00769,How do I update the payment method on file to a new credit c...,How do I update the payment method on file to a new credit card?,Billing,Medium
TKT-00770,"Dear support, Account suspended without explanation. I have ...","Dear support, Account suspended without explanation. I have a client demo in one hour!",Account Access,High
TKT-00771,"Hi team, I forgot my password and the reset email goes to an...","Hi team, I forgot my password and the reset email goes to an old address. Appreciate your help. ",Account Access,Medium
TKT-00772,Please prioritize this. Can we get a dedicated account manag...,Please prioritize this. Can we get a dedicated account manager for our organization?,General Inquiry,Medium
TKT-00773,"Dear support, Do you have a referral program for existing cu...","Dear support, Do you have a referral program for existing customers?",General Inquiry,Low
TKT-00774,Hoping someone can assist. Is there a way to change the defa...,Hoping someone can assist. Is there a way to change the default font size in the dashboard?,Technical,Low
TKT-00775,Two-factor authentication emails are arriving with a 15-minu...,Two-factor authentication emails are arriving with a 15-minute delay.,Technical,Medium
TKT-00776,This is really frustrating. Server returns 500 error on ever...,This is really frustrating. Server returns 500 error on every API call since this morning. Production blocked.,Technical,High
TKT-00777,Would love an option to customize the color theme of the int...,Would love an option to customize the color theme of the interface.,Technical,Low
TKT-00778,Need a copy of my invoice from last quarter for tax purposes...,Need a copy of my invoice from last quarter for tax purposes.,Billing,Medium
TKT-00779,Unauthorized login detected from a foreign IP. Lock my accou...,Unauthorized login detected from a foreign IP. Lock my account immediately.,Account Access,High
TKT-00780,This is really frustrating. Unauthorized charge on my accoun...,This is really frustrating. Unauthorized charge on my account. I did not authorize this transaction at all.,Billing,High
TKT-00781,Please prioritize this. Just wondering when the next billing...,Please prioritize this. Just wondering when the next billing cycle starts.,Billing,Low
TKT-00782,"Also, I cancelled my plan last week but was still charged th...","Also, I cancelled my plan last week but was still charged the full annual fee today.",Billing,High
TKT-00783,We've been waiting for days. Do you have a referral program ...,We've been waiting for days. Do you have a referral program for existing customers?,General Inquiry,Low
TKT-00784,Someone changed my email address on file. I think my account...,"Someone changed my email address on file. I think my account was hacked. Dear support, ",Account Access,High
TKT-00785,We've been waiting for days. The SLA breach count has exceed...,We've been waiting for days. The SLA breach count has exceeded the threshold. Requesting formal review.,General Inquiry,High
TKT-00786,We've been waiting for days. Can I use a passkey instead of ...,We've been waiting for days. Can I use a passkey instead of a traditional password?,Account Access,Low
TKT-00787,"Hi team, Where can I find your community forum or user group...","Hi team, Where can I find your community forum or user group? We've been waiting for days. ",General Inquiry,Low
TKT-00788,Need an emergency meeting with your solutions architect befo...,Need an emergency meeting with your solutions architect before our board call.,General Inquiry,High
TKT-00789,"Hi team, Is there an API rate-limit increase available for o...","Hi team, Is there an API rate-limit increase available for our current plan?",General Inquiry,Medium
TKT-00790,What new features are planned for the next product release? ...,What new features are planned for the next product release? FYI — ,General Inquiry,Medium
TKT-00791,Appreciate your help. We are evaluating your product for a 5...,Appreciate your help. We are evaluating your product for a 5000-seat enterprise deal. Need info ASAP.,General Inquiry,High
TKT-00792,The drag-and-drop feature stopped working in the latest Chro...,The drag-and-drop feature stopped working in the latest Chrome update.,Technical,Medium
TKT-00793,"Dear support, The on-boarding tooltip covers the submit butt...","Dear support, The on-boarding tooltip covers the submit button on smaller screens.",Technical,Low
TKT-00794,How do I disconnect a linked social media account? Looking f...,How do I disconnect a linked social media account? Looking forward to a quick resolution. ,Account Access,Low
TKT-00795,"By the way, Would love an option to customize the color them...","By the way, Would love an option to customize the color theme of the interface.",Technical,Low
TKT-00796,Would love an option to customize the color theme of the int...,Would love an option to customize the color theme of the interface.,Technical,Low
TKT-00797,Thanks in advance. The drag-and-drop feature stopped working...,Thanks in advance. The drag-and-drop feature stopped working in the latest Chrome update.,Technical,Medium
TKT-00798,I see a mysterious charge labeled 'premium upgrade' that I n...,I see a mysterious charge labeled 'premium upgrade' that I never requested.,Billing,High
TKT-00799,Just wanted to say thanks — the new update is really smooth!,Just wanted to say thanks — the new update is really smooth!,General Inquiry,Low
TKT-00800,Reports show incorrect date ranges when timezone is set to U...,Reports show incorrect date ranges when timezone is set to UTC.,Technical,Medium
TKT-00801,This is really frustrating. Need an emergency meeting with y...,This is really frustrating. Need an emergency meeting with your solutions architect before our board call. Thanks in advance. ,General Inquiry,High
TKT-00802,Do you have case studies from companies in the healthcare se...,Do you have case studies from companies in the healthcare sector?,General Inquiry,Medium
TKT-00803,What are the password complexity requirements?,What are the password complexity requirements?,Account Access,Low
TKT-00804,"Dear support, How do I view my login history for security re...","Dear support, How do I view my login history for security review? Urgent: ",Account Access,Low
TKT-00805,Are there any upcoming webinars or online events we can join...,Are there any upcoming webinars or online events we can join?,General Inquiry,Low
TKT-00806,Please note: Can you provide a comparison between the Pro an...,Please note: Can you provide a comparison between the Pro and Enterprise tiers?,General Inquiry,Medium
TKT-00807,Reports show incorrect date ranges when timezone is set to U...,Reports show incorrect date ranges when timezone is set to UTC.,Technical,Medium
TKT-00808,The drag-and-drop feature stopped working in the latest Chro...,"The drag-and-drop feature stopped working in the latest Chrome update. Also, ",Technical,Medium
TKT-00809,Can you provide a comparison between the Pro and Enterprise ...,"Can you provide a comparison between the Pro and Enterprise tiers? By the way, ",General Inquiry,Medium
TKT-00810,Can we get a dedicated account manager for our organization?,Can we get a dedicated account manager for our organization?,General Inquiry,Medium
TKT-00811,What payment methods do you accept besides credit cards?,What payment methods do you accept besides credit cards?,Billing,Low
TKT-00812,We've been waiting for days. The SLA breach count has exceed...,We've been waiting for days. The SLA breach count has exceeded the threshold. Requesting formal review.,General Inquiry,High
TKT-00813,FYI — I want to downgrade my plan. Will I receive a prorated...,FYI — I want to downgrade my plan. Will I receive a prorated refund?,Billing,Medium
TKT-00814,I was charged twice for my subscription this month and need ...,I was charged twice for my subscription this month and need an immediate refund. Hoping someone can assist. ,Billing,High
TKT-00815,What payment methods do you accept besides credit cards?,What payment methods do you accept besides credit cards?,Billing,Low
TKT-00816,My promo code didn't apply at checkout. Can someone look int...,My promo code didn't apply at checkout. Can someone look into this?,Billing,Medium
TKT-00817,Password reset link expired instantly. I've tried five times...,Password reset link expired instantly. I've tried five times with no luck.,Account Access,High
TKT-00818,I cancelled my plan last week but was still charged the full...,I cancelled my plan last week but was still charged the full annual fee today.,Billing,High
TKT-00819,"Also, The mobile app icon looks blurry on high-resolution sc...","Also, The mobile app icon looks blurry on high-resolution screens.",Technical,Low
TKT-00820,Integration with our CRM completely broke after your last de...,Integration with our CRM completely broke after your last deployment.,Technical,High
TKT-00821,Appreciate your help. Where can I download old receipts from...,Appreciate your help. Where can I download old receipts from my account?,Billing,Low
TKT-00822,Urgent: Can you explain the extra fee on my latest invoice?,Urgent: Can you explain the extra fee on my latest invoice?,Billing,Medium
TKT-00823,Can I use a passkey instead of a traditional password?,Can I use a passkey instead of a traditional password?,Account Access,Low
TKT-00824,Do you offer any nonprofit pricing or special plans?,Do you offer any nonprofit pricing or special plans?,Billing,Low
TKT-00825,Server returns 500 error on every API call since this mornin...,Server returns 500 error on every API call since this morning. Production blocked.,Technical,High
TKT-00826,This is really frustrating. My account has been locked and I...,This is really frustrating. My account has been locked and I cannot reset my password. Need access now!,Account Access,High
TKT-00827,The entire platform is down and our team cannot access any r...,"The entire platform is down and our team cannot access any resources! Hello, ",Technical,High
TKT-00828,Looking forward to a quick resolution. Just wanted to say th...,Looking forward to a quick resolution. Just wanted to say thanks — the new update is really smooth! Thanks in advance. ,General Inquiry,Low
TKT-00829,We are evaluating your product for a 5000-seat enterprise de...,"We are evaluating your product for a 5000-seat enterprise deal. Need info ASAP. By the way, ",General Inquiry,High
TKT-00830,"By the way, What new features are planned for the next produ...","By the way, What new features are planned for the next product release?",General Inquiry,Medium
TKT-00831,Someone changed my email address on file. I think my account...,Someone changed my email address on file. I think my account was hacked.,Account Access,High
TKT-00832,Is there a student discount available for the premium plan?,Is there a student discount available for the premium plan?,Billing,Low
TKT-00833,Reports show incorrect date ranges when timezone is set to U...,Reports show incorrect date ranges when timezone is set to UTC.,Technical,Medium
TKT-00834,Search functionality returns irrelevant results for exact-ma...,Search functionality returns irrelevant results for exact-match queries.,Technical,Medium
TKT-00835,Hoping someone can assist. Can I change the display name sho...,Hoping someone can assist. Can I change the display name shown on my profile? Please note: ,Account Access,Low
TKT-00836,Need an emergency meeting with your solutions architect befo...,Need an emergency meeting with your solutions architect before our board call.,General Inquiry,High
TKT-00837,Security vulnerability found. Sensitive customer data may be...,"Security vulnerability found. Sensitive customer data may be exposed. Also, ",Technical,High
TKT-00838,Where do I manage email notification preferences?,Where do I manage email notification preferences?,Account Access,Low
TKT-00839,"Also, I changed my email and now I can't verify my identity.","Also, I changed my email and now I can't verify my identity.",Account Access,Medium
TKT-00840,"By the way, I want to downgrade my plan. Will I receive a pr...","By the way, I want to downgrade my plan. Will I receive a prorated refund?",Billing,Medium
TKT-00841,I'd like to switch from monthly to annual billing. What are ...,I'd like to switch from monthly to annual billing. What are the steps?,Billing,Medium
TKT-00842,"Also, My session keeps expiring every few minutes, forcing m...","Also, My session keeps expiring every few minutes, forcing me to re-login. FYI — ",Account Access,Medium
TKT-00843,Looking forward to a quick resolution. Payment failed but mo...,Looking forward to a quick resolution. Payment failed but money was deducted from my bank. Need resolution ASAP.,Billing,High
TKT-00844,Hoping someone can assist. Where can I find your community f...,Hoping someone can assist. Where can I find your community forum or user group?,General Inquiry,Low
TKT-00845,Unauthorized charge on my account. I did not authorize this ...,"Unauthorized charge on my account. I did not authorize this transaction at all. Hello, ",Billing,High
TKT-00846,"My session keeps expiring every few minutes, forcing me to r...","My session keeps expiring every few minutes, forcing me to re-login. We've been waiting for days. ",Account Access,Medium
TKT-00847,"Hi team, Can you add keyboard shortcuts for the most common ...","Hi team, Can you add keyboard shortcuts for the most common actions?",Technical,Low
TKT-00848,Reports show incorrect date ranges when timezone is set to U...,Reports show incorrect date ranges when timezone is set to UTC.,Technical,Medium
TKT-00849,This is really frustrating. I'm completely locked out after ...,This is really frustrating. I'm completely locked out after too many failed login attempts. Please unlock.,Account Access,High
TKT-00850,Where can I download old receipts from my account?,Where can I download old receipts from my account?,Billing,Low
TKT-00851,"Hi team, The SLA breach count has exceeded the threshold. Re...","Hi team, The SLA breach count has exceeded the threshold. Requesting formal review.",General Inquiry,High
TKT-00852,We are evaluating your product for a 5000-seat enterprise de...,We are evaluating your product for a 5000-seat enterprise deal. Need info ASAP.,General Inquiry,High
TKT-00853,Are there any upcoming webinars or online events we can join...,Are there any upcoming webinars or online events we can join?,General Inquiry,Low
TKT-00854,Urgent: Unauthorized login detected from a foreign IP. Lock ...,Urgent: Unauthorized login detected from a foreign IP. Lock my account immediately.,Account Access,High
TKT-00855,I cancelled my plan last week but was still charged the full...,I cancelled my plan last week but was still charged the full annual fee today.,Billing,High
TKT-00856,It would be nice to have dark mode support in the web app.,It would be nice to have dark mode support in the web app.,Technical,Low
TKT-00857,I changed my email and now I can't verify my identity.,I changed my email and now I can't verify my identity.,Account Access,Medium
TKT-00858,Please prioritize this. Just wondering when the next billing...,Please prioritize this. Just wondering when the next billing cycle starts. We've been waiting for days. ,Billing,Low
TKT-00859,I can log in on mobile but the web app says my credentials a...,"I can log in on mobile but the web app says my credentials are invalid. Dear support, ",Account Access,Medium
TKT-00860,Urgent: The mobile app icon looks blurry on high-resolution ...,Urgent: The mobile app icon looks blurry on high-resolution screens. Please note: ,Technical,Low
TKT-00861,How do I disconnect a linked social media account? Dear supp...,"How do I disconnect a linked social media account? Dear support, ",Account Access,Low
TKT-00862,"Dear support, I can log in on mobile but the web app says my...","Dear support, I can log in on mobile but the web app says my credentials are invalid.",Account Access,Medium
TKT-00863,I want to downgrade my plan. Will I receive a prorated refun...,"I want to downgrade my plan. Will I receive a prorated refund? Hi team, ",Billing,Medium
TKT-00864,My account has been locked and I cannot reset my password. N...,"My account has been locked and I cannot reset my password. Need access now! By the way, ",Account Access,High
TKT-00865,Client-facing demo is tomorrow and the trial environment is ...,Client-facing demo is tomorrow and the trial environment is not set up yet.,General Inquiry,High
TKT-00866,Do you have case studies from companies in the healthcare se...,Do you have case studies from companies in the healthcare sector?,General Inquiry,Medium
TKT-00867,I cancelled my plan last week but was still charged the full...,I cancelled my plan last week but was still charged the full annual fee today.,Billing,High
TKT-00868,The SLA breach count has exceeded the threshold. Requesting ...,The SLA breach count has exceeded the threshold. Requesting formal review.,General Inquiry,High
TKT-00869,Looking forward to a quick resolution. How do I enable two-f...,"Looking forward to a quick resolution. How do I enable two-factor authentication for my account? Hello, ",Account Access,Medium
TKT-00870,Would love an option to customize the color theme of the int...,Would love an option to customize the color theme of the interface.,Technical,Low
TKT-00871,Can you explain the extra fee on my latest invoice?,Can you explain the extra fee on my latest invoice?,Billing,Medium
TKT-00872,Appreciate your help. Can I provide feedback on a recent sup...,"Appreciate your help. Can I provide feedback on a recent support interaction? By the way, ",General Inquiry,Low
TKT-00873,Multi-factor authentication is broken; I cannot receive any ...,Multi-factor authentication is broken; I cannot receive any verification codes.,Account Access,High
TKT-00874,"Hi team, Is there a mobile app available for Android? Lookin...","Hi team, Is there a mobile app available for Android? Looking forward to a quick resolution. ",General Inquiry,Low
TKT-00875,Can you provide a comparison between the Pro and Enterprise ...,Can you provide a comparison between the Pro and Enterprise tiers?,General Inquiry,Medium
TKT-00876,We'd like to schedule a training session for our new team me...,We'd like to schedule a training session for our new team members. This is really frustrating. ,General Inquiry,Medium
TKT-00877,I see a mysterious charge labeled 'premium upgrade' that I n...,I see a mysterious charge labeled 'premium upgrade' that I never requested.,Billing,High
TKT-00878,How do I view my login history for security review? We've be...,How do I view my login history for security review? We've been waiting for days. ,Account Access,Low
TKT-00879,Appreciate your help. Where can I download old receipts from...,Appreciate your help. Where can I download old receipts from my account?,Billing,Low
TKT-00880,Can you add an option to sort tickets by creation date in as...,Can you add an option to sort tickets by creation date in ascending order?,Technical,Low
TKT-00881,"Hello, Do you have a referral program for existing customers...","Hello, Do you have a referral program for existing customers?",General Inquiry,Low
TKT-00882,Appreciate your help. I need to transfer ownership of this a...,Appreciate your help. I need to transfer ownership of this account to a colleague.,Account Access,Medium
TKT-00883,What are your customer support hours on weekends?,What are your customer support hours on weekends?,General Inquiry,Low
TKT-00884,Appreciate your help. The mobile app icon looks blurry on hi...,Appreciate your help. The mobile app icon looks blurry on high-resolution screens.,Technical,Low
TKT-00885,What is the process for submitting a feature request? This i...,What is the process for submitting a feature request? This is really frustrating. ,General Inquiry,Medium
TKT-00886,We'd like to schedule a training session for our new team me...,We'd like to schedule a training session for our new team members.,General Inquiry,Medium
TKT-00887,It would be nice to have dark mode support in the web app.,It would be nice to have dark mode support in the web app.,Technical,Low
TKT-00888,Executive sponsor wants a migration timeline document before...,Executive sponsor wants a migration timeline document before signing the PO.,General Inquiry,High
TKT-00889,What are the password complexity requirements?,What are the password complexity requirements?,Account Access,Low
TKT-00890,FYI — My credit card was billed $500 instead of $50. This is...,"FYI — My credit card was billed $500 instead of $50. This is urgent, please fix now! Also, ",Billing,High
TKT-00891,Application crashes on login for all users in our organizati...,Application crashes on login for all users in our organization. Urgent: ,Technical,High
TKT-00892,"Also, Where can I find the latest product documentation and ...","Also, Where can I find the latest product documentation and release notes?",General Inquiry,Medium
TKT-00893,Push notifications are delayed by several hours on the mobil...,Push notifications are delayed by several hours on the mobile app. We've been waiting for days. ,Technical,Medium
TKT-00894,How do I enable two-factor authentication for my account?,How do I enable two-factor authentication for my account?,Account Access,Medium
TKT-00895,Is there an option to set a profile picture?,Is there an option to set a profile picture?,Account Access,Low
TKT-00896,Application crashes on login for all users in our organizati...,"Application crashes on login for all users in our organization. Hi team, ",Technical,High
TKT-00897,Password reset link expired instantly. I've tried five times...,Password reset link expired instantly. I've tried five times with no luck.,Account Access,High
TKT-00898,Urgent: Is there a way to change the default font size in th...,Urgent: Is there a way to change the default font size in the dashboard? We've been waiting for days. ,Technical,Low
TKT-00899,Can you merge my two accounts into a single one?,Can you merge my two accounts into a single one?,Account Access,Medium
TKT-00900,What is the process for submitting a feature request?,What is the process for submitting a feature request?,General Inquiry,Medium
TKT-00901,Need an emergency meeting with your solutions architect befo...,Need an emergency meeting with your solutions architect before our board call.,General Inquiry,High
TKT-00902,Looking forward to a quick resolution. Two-factor authentica...,Looking forward to a quick resolution. Two-factor authentication emails are arriving with a 15-minute delay. FYI — ,Technical,Medium
TKT-00903,"Hi team, Where can I find your community forum or user group...","Hi team, Where can I find your community forum or user group? Urgent: ",General Inquiry,Low
TKT-00904,What payment methods do you accept besides credit cards? Hel...,"What payment methods do you accept besides credit cards? Hello, ",Billing,Low
TKT-00905,Please prioritize this. I need to transfer ownership of this...,Please prioritize this. I need to transfer ownership of this account to a colleague.,Account Access,Medium
TKT-00906,Payment failed but money was deducted from my bank. Need res...,Payment failed but money was deducted from my bank. Need resolution ASAP.,Billing,High
TKT-00907,It would be nice to have dark mode support in the web app.,It would be nice to have dark mode support in the web app.,Technical,Low
TKT-00908,Server returns 500 error on every API call since this mornin...,Server returns 500 error on every API call since this morning. Production blocked.,Technical,High
TKT-00909,How do I set up automatic payments for my subscription?,How do I set up automatic payments for my subscription?,Billing,Low
TKT-00910,The mobile app icon looks blurry on high-resolution screens.,The mobile app icon looks blurry on high-resolution screens.,Technical,Low
TKT-00911,Hoping someone can assist. Minor typo on the settings page: ...,Hoping someone can assist. Minor typo on the settings page: 'Notifcations' instead of 'Notifications'.,Technical,Low
TKT-00912,"Hello, I forgot my password and the reset email goes to an o...","Hello, I forgot my password and the reset email goes to an old address.",Account Access,Medium
TKT-00913,Is there an API rate-limit increase available for our curren...,Is there an API rate-limit increase available for our current plan?,General Inquiry,Medium
TKT-00914,Can you add an option to sort tickets by creation date in as...,Can you add an option to sort tickets by creation date in ascending order?,Technical,Low
TKT-00915,Account suspended without explanation. I have a client demo ...,Account suspended without explanation. I have a client demo in one hour! Please prioritize this. ,Account Access,High
TKT-00916,Can I use a passkey instead of a traditional password?,Can I use a passkey instead of a traditional password?,Account Access,Low
TKT-00917,Looking forward to a quick resolution. I forgot my password ...,Looking forward to a quick resolution. I forgot my password and the reset email goes to an old address. Thanks in advance. ,Account Access,Medium
TKT-00918,Hoping someone can assist. I'd like to switch from monthly t...,Hoping someone can assist. I'd like to switch from monthly to annual billing. What are the steps?,Billing,Medium
TKT-00919,Looking forward to a quick resolution. My credit card was bi...,"Looking forward to a quick resolution. My credit card was billed $500 instead of $50. This is urgent, please fix now!",Billing,High
TKT-00920,Can we get a dedicated account manager for our organization?...,Can we get a dedicated account manager for our organization? We've been waiting for days. ,General Inquiry,Medium
TKT-00921,Can I provide feedback on a recent support interaction?,Can I provide feedback on a recent support interaction?,General Inquiry,Low
TKT-00922,This is really frustrating. Are there any upcoming webinars ...,This is really frustrating. Are there any upcoming webinars or online events we can join?,General Inquiry,Low
TKT-00923,Hoping someone can assist. I'd like to switch from monthly t...,"Hoping someone can assist. I'd like to switch from monthly to annual billing. What are the steps? By the way, ",Billing,Medium
TKT-00924,Need an emergency meeting with your solutions architect befo...,Need an emergency meeting with your solutions architect before our board call.,General Inquiry,High
TKT-00925,How do I add a new team member to our company account? Looki...,How do I add a new team member to our company account? Looking forward to a quick resolution. ,Account Access,Medium
TKT-00926,Can you explain the extra fee on my latest invoice?,Can you explain the extra fee on my latest invoice?,Billing,Medium
TKT-00927,Just wanted to say thanks — the new update is really smooth!...,Just wanted to say thanks — the new update is really smooth! Please prioritize this. ,General Inquiry,Low
TKT-00928,Looking forward to a quick resolution. Can I change the disp...,Looking forward to a quick resolution. Can I change the display name shown on my profile?,Account Access,Low
TKT-00929,How do I update the payment method on file to a new credit c...,How do I update the payment method on file to a new credit card?,Billing,Medium
TKT-00930,My account has been locked and I cannot reset my password. N...,My account has been locked and I cannot reset my password. Need access now!,Account Access,High
TKT-00931,How do I set up automatic payments for my subscription?,How do I set up automatic payments for my subscription?,Billing,Low
TKT-00932,Please prioritize this. Search functionality returns irrelev...,Please prioritize this. Search functionality returns irrelevant results for exact-match queries.,Technical,Medium
TKT-00933,Is there a mobile app available for Android? We've been wait...,Is there a mobile app available for Android? We've been waiting for days. ,General Inquiry,Low
TKT-00934,"Also, How do I view my login history for security review?","Also, How do I view my login history for security review?",Account Access,Low
TKT-00935,This is really frustrating. Someone changed my email address...,This is really frustrating. Someone changed my email address on file. I think my account was hacked.,Account Access,High
TKT-00936,Please prioritize this. Is there a mobile app available for ...,Please prioritize this. Is there a mobile app available for Android?,General Inquiry,Low
TKT-00937,Please note: How do I view my login history for security rev...,Please note: How do I view my login history for security review?,Account Access,Low
TKT-00938,Looking forward to a quick resolution. Push notifications ar...,Looking forward to a quick resolution. Push notifications are delayed by several hours on the mobile app.,Technical,Medium
TKT-00939,Subscription auto-renewed after I explicitly opted out. Refu...,Subscription auto-renewed after I explicitly opted out. Refund required urgently. Looking forward to a quick resolution. ,Billing,High
TKT-00940,This is really frustrating. How do I update the payment meth...,This is really frustrating. How do I update the payment method on file to a new credit card?,Billing,Medium
TKT-00941,Looking forward to a quick resolution. Minor typo on the set...,Looking forward to a quick resolution. Minor typo on the settings page: 'Notifcations' instead of 'Notifications'. Urgent: ,Technical,Low
TKT-00942,Our contract expires tomorrow and we haven't received the re...,Our contract expires tomorrow and we haven't received the renewal terms yet.,General Inquiry,High
TKT-00943,I changed my email and now I can't verify my identity.,I changed my email and now I can't verify my identity.,Account Access,Medium
TKT-00944,Regulatory audit requires compliance documentation by end of...,Regulatory audit requires compliance documentation by end of day. Please expedite.,General Inquiry,High
TKT-00945,"Hello, Can you add an option to sort tickets by creation dat...","Hello, Can you add an option to sort tickets by creation date in ascending order? Please note: ",Technical,Low
TKT-00946,"Hello, Can I provide feedback on a recent support interactio...","Hello, Can I provide feedback on a recent support interaction? This is really frustrating. ",General Inquiry,Low
TKT-00947,The on-boarding tooltip covers the submit button on smaller ...,The on-boarding tooltip covers the submit button on smaller screens.,Technical,Low
TKT-00948,Two-factor authentication emails are arriving with a 15-minu...,Two-factor authentication emails are arriving with a 15-minute delay. Appreciate your help. ,Technical,Medium
TKT-00949,How do I update the payment method on file to a new credit c...,How do I update the payment method on file to a new credit card? Thanks in advance. ,Billing,Medium
TKT-00950,Application crashes on login for all users in our organizati...,Application crashes on login for all users in our organization.,Technical,High
TKT-00951,Where can I find your community forum or user group?,Where can I find your community forum or user group?,General Inquiry,Low
TKT-00952,What new features are planned for the next product release?,What new features are planned for the next product release?,General Inquiry,Medium
TKT-00953,Need an emergency meeting with your solutions architect befo...,Need an emergency meeting with your solutions architect before our board call.,General Inquiry,High
TKT-00954,"Where do I manage email notification preferences? Hi team, ","Where do I manage email notification preferences? Hi team, ",Account Access,Low
TKT-00955,Thanks in advance. Application crashes on login for all user...,Thanks in advance. Application crashes on login for all users in our organization.,Technical,High
TKT-00956,My admin privileges were revoked and I can no longer manage ...,My admin privileges were revoked and I can no longer manage our team.,Account Access,High
TKT-00957,Regulatory audit requires compliance documentation by end of...,Regulatory audit requires compliance documentation by end of day. Please expedite. FYI — ,General Inquiry,High
TKT-00958,What payment methods do you accept besides credit cards?,What payment methods do you accept besides credit cards?,Billing,Low
TKT-00959,"Dear support, Is there a way to change the default font size...","Dear support, Is there a way to change the default font size in the dashboard? Urgent: ",Technical,Low
TKT-00960,Please note: The mobile app icon looks blurry on high-resolu...,Please note: The mobile app icon looks blurry on high-resolution screens.,Technical,Low
TKT-00961,Can you add an option to sort tickets by creation date in as...,Can you add an option to sort tickets by creation date in ascending order?,Technical,Low
TKT-00962,I was charged twice for my subscription this month and need ...,I was charged twice for my subscription this month and need an immediate refund.,Billing,High
TKT-00963,What are your customer support hours on weekends? Thanks in ...,What are your customer support hours on weekends? Thanks in advance. ,General Inquiry,Low
TKT-00964,"Hi team, Regulatory audit requires compliance documentation ...","Hi team, Regulatory audit requires compliance documentation by end of day. Please expedite.",General Inquiry,High
TKT-00965,Can you provide a comparison between the Pro and Enterprise ...,Can you provide a comparison between the Pro and Enterprise tiers?,General Inquiry,Medium
TKT-00966,We've been waiting for days. Our automated pipeline is faili...,We've been waiting for days. Our automated pipeline is failing because your API endpoint is unreachable.,Technical,High
TKT-00967,I forgot my password and the reset email goes to an old addr...,I forgot my password and the reset email goes to an old address. FYI — ,Account Access,Medium
TKT-00968,Critical data loss after the latest update. We need recovery...,Critical data loss after the latest update. We need recovery immediately. FYI — ,Technical,High
TKT-00969,This is really frustrating. What payment methods do you acce...,This is really frustrating. What payment methods do you accept besides credit cards?,Billing,Low
TKT-00970,Is there an API rate-limit increase available for our curren...,Is there an API rate-limit increase available for our current plan?,General Inquiry,Medium
TKT-00971,I want to downgrade my plan. Will I receive a prorated refun...,I want to downgrade my plan. Will I receive a prorated refund?,Billing,Medium
TKT-00972,Regulatory audit requires compliance documentation by end of...,Regulatory audit requires compliance documentation by end of day. Please expedite.,General Inquiry,High
TKT-00973,Appreciate your help. The entire platform is down and our te...,Appreciate your help. The entire platform is down and our team cannot access any resources! Looking forward to a quick resolution. ,Technical,High
TKT-00974,Where can I find my account ID or customer number? FYI — ,Where can I find my account ID or customer number? FYI — ,Account Access,Low
TKT-00975,Search functionality returns irrelevant results for exact-ma...,Search functionality returns irrelevant results for exact-match queries.,Technical,Medium
TKT-00976,We are evaluating your product for a 5000-seat enterprise de...,We are evaluating your product for a 5000-seat enterprise deal. Need info ASAP.,General Inquiry,High
TKT-00977,Appreciate your help. Export to CSV feature is generating co...,Appreciate your help. Export to CSV feature is generating corrupted files intermittently.,Technical,Medium
TKT-00978,"Hi team, I need to transfer ownership of this account to a c...","Hi team, I need to transfer ownership of this account to a colleague.",Account Access,Medium
TKT-00979,Regulatory audit requires compliance documentation by end of...,Regulatory audit requires compliance documentation by end of day. Please expedite.,General Inquiry,High
TKT-00980,Do you offer any nonprofit pricing or special plans?,Do you offer any nonprofit pricing or special plans?,Billing,Low
TKT-00981,FYI — Need a copy of my invoice from last quarter for tax pu...,FYI — Need a copy of my invoice from last quarter for tax purposes. Please note: ,Billing,Medium
TKT-00982,How do I disconnect a linked social media account?,How do I disconnect a linked social media account?,Account Access,Low
TKT-00983,What happens to my data if I miss a payment cycle?,What happens to my data if I miss a payment cycle?,Billing,Low
TKT-00984,Looking forward to a quick resolution. Can I change the disp...,Looking forward to a quick resolution. Can I change the display name shown on my profile? Appreciate your help. ,Account Access,Low
TKT-00985,Where can I find my account ID or customer number?,Where can I find my account ID or customer number?,Account Access,Low
TKT-00986,Can we get a dedicated account manager for our organization?,Can we get a dedicated account manager for our organization?,General Inquiry,Medium
TKT-00987,Hoping someone can assist. I see a mysterious charge labeled...,Hoping someone can assist. I see a mysterious charge labeled 'premium upgrade' that I never requested.,Billing,High
TKT-00988,My admin privileges were revoked and I can no longer manage ...,My admin privileges were revoked and I can no longer manage our team.,Account Access,High
TKT-00989,Where can I find your community forum or user group? Hoping ...,Where can I find your community forum or user group? Hoping someone can assist. ,General Inquiry,Low
TKT-00990,Please prioritize this. Critical data loss after the latest ...,Please prioritize this. Critical data loss after the latest update. We need recovery immediately.,Technical,High
TKT-00991,This is really frustrating. Push notifications are delayed b...,This is really frustrating. Push notifications are delayed by several hours on the mobile app.,Technical,Medium
TKT-00992,Our contract expires tomorrow and we haven't received the re...,Our contract expires tomorrow and we haven't received the renewal terms yet.,General Inquiry,High
TKT-00993,Security vulnerability found. Sensitive customer data may be...,"Security vulnerability found. Sensitive customer data may be exposed. Hi team, ",Technical,High
TKT-00994,Thanks in advance. Where can I find the latest product docum...,Thanks in advance. Where can I find the latest product documentation and release notes?,General Inquiry,Medium
TKT-00995,Would love an option to customize the color theme of the int...,Would love an option to customize the color theme of the interface.,Technical,Low
TKT-00996,Our automated pipeline is failing because your API endpoint ...,Our automated pipeline is failing because your API endpoint is unreachable.,Technical,High
TKT-00997,Do you offer any nonprofit pricing or special plans?,Do you offer any nonprofit pricing or special plans?,Billing,Low
TKT-00998,File uploads fail silently when the file size exceeds 10 MB.,File uploads fail silently when the file size exceeds 10 MB.,Technical,Medium
TKT-00999,Where can I download old receipts from my account?,Where can I download old receipts from my account?,Billing,Low
TKT-01000,Thanks in advance. Are there any upcoming webinars or online...,Thanks in advance. Are there any upcoming webinars or online events we can join?,General Inquiry,Low
TKT-01001,Looking forward to a quick resolution. Is there a way to cha...,"Looking forward to a quick resolution. Is there a way to change the default font size in the dashboard? By the way, ",Technical,Low
TKT-01002,What happens to my data if I miss a payment cycle?,What happens to my data if I miss a payment cycle?,Billing,Low
TKT-01003,"By the way, How do I update the payment method on file to a ...","By the way, How do I update the payment method on file to a new credit card?",Billing,Medium
TKT-01004,Can I provide feedback on a recent support interaction?,Can I provide feedback on a recent support interaction?,General Inquiry,Low
TKT-01005,Where can I find the latest product documentation and releas...,Where can I find the latest product documentation and release notes?,General Inquiry,Medium
TKT-01006,What happens to my data if I miss a payment cycle? Looking f...,What happens to my data if I miss a payment cycle? Looking forward to a quick resolution. ,Billing,Low
TKT-01007,Hoping someone can assist. What are the password complexity ...,Hoping someone can assist. What are the password complexity requirements?,Account Access,Low
TKT-01008,Is there an option to set a profile picture?,Is there an option to set a profile picture?,Account Access,Low
TKT-01009,The mobile app icon looks blurry on high-resolution screens.,The mobile app icon looks blurry on high-resolution screens.,Technical,Low
TKT-01010,How do I update the payment method on file to a new credit c...,How do I update the payment method on file to a new credit card?,Billing,Medium
TKT-01011,Password reset link expired instantly. I've tried five times...,Password reset link expired instantly. I've tried five times with no luck.,Account Access,High
TKT-01012,Where can I find your community forum or user group?,Where can I find your community forum or user group?,General Inquiry,Low
TKT-01013,We've been waiting for days. Is there a mobile app available...,We've been waiting for days. Is there a mobile app available for Android? Appreciate your help. ,General Inquiry,Low
TKT-01014,Database sync is corrupted and none of our records are loadi...,Database sync is corrupted and none of our records are loading properly.,Technical,High
TKT-01015,Search functionality returns irrelevant results for exact-ma...,"Search functionality returns irrelevant results for exact-match queries. By the way, ",Technical,Medium
TKT-01016,"By the way, What are the password complexity requirements?","By the way, What are the password complexity requirements?",Account Access,Low
TKT-01017,The drag-and-drop feature stopped working in the latest Chro...,The drag-and-drop feature stopped working in the latest Chrome update.,Technical,Medium
TKT-01018,The SLA breach count has exceeded the threshold. Requesting ...,The SLA breach count has exceeded the threshold. Requesting formal review.,General Inquiry,High
TKT-01019,I can log in on mobile but the web app says my credentials a...,I can log in on mobile but the web app says my credentials are invalid.,Account Access,Medium
TKT-01020,"Hi team, How do I enable two-factor authentication for my ac...","Hi team, How do I enable two-factor authentication for my account?",Account Access,Medium
TKT-01021,Integration with our CRM completely broke after your last de...,Integration with our CRM completely broke after your last deployment.,Technical,High
TKT-01022,Is there a way to change the default font size in the dashbo...,Is there a way to change the default font size in the dashboard? Urgent: ,Technical,Low
TKT-01023,Why was I charged a different amount than what's shown on th...,Why was I charged a different amount than what's shown on the pricing page?,Billing,Medium
TKT-01024,My promo code didn't apply at checkout. Can someone look int...,My promo code didn't apply at checkout. Can someone look into this?,Billing,Medium
TKT-01025,This is really frustrating. Client-facing demo is tomorrow a...,This is really frustrating. Client-facing demo is tomorrow and the trial environment is not set up yet.,General Inquiry,High
TKT-01026,Database sync is corrupted and none of our records are loadi...,Database sync is corrupted and none of our records are loading properly. Please note: ,Technical,High
TKT-01027,We've been waiting for days. Push notifications are delayed ...,We've been waiting for days. Push notifications are delayed by several hours on the mobile app. Appreciate your help. ,Technical,Medium
TKT-01028,Can you add keyboard shortcuts for the most common actions? ...,"Can you add keyboard shortcuts for the most common actions? By the way, ",Technical,Low
TKT-01029,Do you have case studies from companies in the healthcare se...,Do you have case studies from companies in the healthcare sector?,General Inquiry,Medium
TKT-01030,Where can I find my account ID or customer number?,Where can I find my account ID or customer number?,Account Access,Low
TKT-01031,The on-boarding tooltip covers the submit button on smaller ...,The on-boarding tooltip covers the submit button on smaller screens.,Technical,Low
TKT-01032,Client-facing demo is tomorrow and the trial environment is ...,Client-facing demo is tomorrow and the trial environment is not set up yet.,General Inquiry,High
TKT-01033,Hoping someone can assist. What are the password complexity ...,Hoping someone can assist. What are the password complexity requirements?,Account Access,Low
TKT-01034,I see a mysterious charge labeled 'premium upgrade' that I n...,I see a mysterious charge labeled 'premium upgrade' that I never requested.,Billing,High
TKT-01035,Looking forward to a quick resolution. Can I use a passkey i...,Looking forward to a quick resolution. Can I use a passkey instead of a traditional password?,Account Access,Low
TKT-01036,How do I enable two-factor authentication for my account?,How do I enable two-factor authentication for my account?,Account Access,Medium
TKT-01037,Please note: Just wanted to say thanks — the new update is r...,Please note: Just wanted to say thanks — the new update is really smooth!,General Inquiry,Low
TKT-01038,We've been waiting for days. The discount I was promised dur...,We've been waiting for days. The discount I was promised during sign-up isn't reflected on my bill. Thanks in advance. ,Billing,Medium
TKT-01039,Appreciate your help. Push notifications are delayed by seve...,Appreciate your help. Push notifications are delayed by several hours on the mobile app.,Technical,Medium
TKT-01040,What happens to my data if I miss a payment cycle?,What happens to my data if I miss a payment cycle?,Billing,Low
TKT-01041,Minor typo on the settings page: 'Notifcations' instead of '...,Minor typo on the settings page: 'Notifcations' instead of 'Notifications'. FYI — ,Technical,Low
TKT-01042,Regulatory audit requires compliance documentation by end of...,Regulatory audit requires compliance documentation by end of day. Please expedite.,General Inquiry,High
TKT-01043,How do I update the payment method on file to a new credit c...,How do I update the payment method on file to a new credit card?,Billing,Medium
TKT-01044,This is really frustrating. Multi-factor authentication is b...,This is really frustrating. Multi-factor authentication is broken; I cannot receive any verification codes. Hoping someone can assist. ,Account Access,High
TKT-01045,Unauthorized charge on my account. I did not authorize this ...,Unauthorized charge on my account. I did not authorize this transaction at all. Please prioritize this. ,Billing,High
TKT-01046,What is the process for submitting a feature request?,What is the process for submitting a feature request?,General Inquiry,Medium
TKT-01047,This is really frustrating. Where can I find my account ID o...,This is really frustrating. Where can I find my account ID or customer number? Please note: ,Account Access,Low
TKT-01048,Two-factor authentication emails are arriving with a 15-minu...,Two-factor authentication emails are arriving with a 15-minute delay. This is really frustrating. ,Technical,Medium
TKT-01049,Thanks in advance. Would love an option to customize the col...,Thanks in advance. Would love an option to customize the color theme of the interface.,Technical,Low
TKT-01050,"By the way, File uploads fail silently when the file size ex...","By the way, File uploads fail silently when the file size exceeds 10 MB.",Technical,Medium
TKT-01051,Is there an API rate-limit increase available for our curren...,Is there an API rate-limit increase available for our current plan?,General Inquiry,Medium
TKT-01052,"How do I view my login history for security review? Hello, ","How do I view my login history for security review? Hello, ",Account Access,Low
TKT-01053,Do you have case studies from companies in the healthcare se...,Do you have case studies from companies in the healthcare sector?,General Inquiry,Medium
TKT-01054,Why was I charged a different amount than what's shown on th...,Why was I charged a different amount than what's shown on the pricing page?,Billing,Medium
TKT-01055,What payment methods do you accept besides credit cards?,What payment methods do you accept besides credit cards?,Billing,Low
TKT-01056,Password reset link expired instantly. I've tried five times...,Password reset link expired instantly. I've tried five times with no luck. FYI — ,Account Access,High
TKT-01057,Looking forward to a quick resolution. The mobile app icon l...,Looking forward to a quick resolution. The mobile app icon looks blurry on high-resolution screens. Urgent: ,Technical,Low
TKT-01058,"Dear support, Executive sponsor wants a migration timeline d...","Dear support, Executive sponsor wants a migration timeline document before signing the PO.",General Inquiry,High
TKT-01059,The on-boarding tooltip covers the submit button on smaller ...,"The on-boarding tooltip covers the submit button on smaller screens. Also, ",Technical,Low
TKT-01060,Is there a student discount available for the premium plan?,Is there a student discount available for the premium plan?,Billing,Low
TKT-01061,"Hi team, Where can I find your community forum or user group...","Hi team, Where can I find your community forum or user group? By the way, ",General Inquiry,Low
TKT-01062,"Hi team, I forgot my password and the reset email goes to an...","Hi team, I forgot my password and the reset email goes to an old address.",Account Access,Medium
TKT-01063,FYI — I'd like to switch from monthly to annual billing. Wha...,FYI — I'd like to switch from monthly to annual billing. What are the steps? Please prioritize this. ,Billing,Medium
TKT-01064,This is really frustrating. Account suspended without explan...,This is really frustrating. Account suspended without explanation. I have a client demo in one hour! Looking forward to a quick resolution. ,Account Access,High
TKT-01065,What payment methods do you accept besides credit cards? Als...,"What payment methods do you accept besides credit cards? Also, ",Billing,Low
TKT-01066,What is the process for submitting a feature request?,What is the process for submitting a feature request?,General Inquiry,Medium
TKT-01067,I can log in on mobile but the web app says my credentials a...,I can log in on mobile but the web app says my credentials are invalid.,Account Access,Medium
TKT-01068,This is really frustrating. Two-factor authentication emails...,This is really frustrating. Two-factor authentication emails are arriving with a 15-minute delay.,Technical,Medium
TKT-01069,The SLA breach count has exceeded the threshold. Requesting ...,The SLA breach count has exceeded the threshold. Requesting formal review.,General Inquiry,High
TKT-01070,Executive sponsor wants a migration timeline document before...,Executive sponsor wants a migration timeline document before signing the PO.,General Inquiry,High
TKT-01071,File uploads fail silently when the file size exceeds 10 MB....,"File uploads fail silently when the file size exceeds 10 MB. By the way, ",Technical,Medium
TKT-01072,"Urgent: My session keeps expiring every few minutes, forcing...","Urgent: My session keeps expiring every few minutes, forcing me to re-login. Also, ",Account Access,Medium
TKT-01073,"Dear support, Unauthorized charge on my account. I did not a...","Dear support, Unauthorized charge on my account. I did not authorize this transaction at all.",Billing,High
TKT-01074,Where can I read your terms of service and privacy policy?,Where can I read your terms of service and privacy policy?,General Inquiry,Low
TKT-01075,I see a mysterious charge labeled 'premium upgrade' that I n...,I see a mysterious charge labeled 'premium upgrade' that I never requested.,Billing,High
TKT-01076,Please prioritize this. Duplicate billing on invoice #98321....,Please prioritize this. Duplicate billing on invoice #98321. Escalate this immediately.,Billing,High
TKT-01077,This is really frustrating. Multi-factor authentication is b...,This is really frustrating. Multi-factor authentication is broken; I cannot receive any verification codes.,Account Access,High
TKT-01078,"Hi team, Multi-factor authentication is broken; I cannot rec...","Hi team, Multi-factor authentication is broken; I cannot receive any verification codes.",Account Access,High
TKT-01079,This is really frustrating. What are the password complexity...,This is really frustrating. What are the password complexity requirements?,Account Access,Low
TKT-01080,"By the way, Reports show incorrect date ranges when timezone...","By the way, Reports show incorrect date ranges when timezone is set to UTC. Urgent: ",Technical,Medium
TKT-01081,I want to downgrade my plan. Will I receive a prorated refun...,I want to downgrade my plan. Will I receive a prorated refund? Appreciate your help. ,Billing,Medium
TKT-01082,FYI — Can you merge my two accounts into a single one? Thank...,FYI — Can you merge my two accounts into a single one? Thanks in advance. ,Account Access,Medium
TKT-01083,Unauthorized charge on my account. I did not authorize this ...,Unauthorized charge on my account. I did not authorize this transaction at all. FYI — ,Billing,High
TKT-01084,Where can I read your terms of service and privacy policy? F...,Where can I read your terms of service and privacy policy? FYI — ,General Inquiry,Low
TKT-01085,"Hi team, Subscription auto-renewed after I explicitly opted ...","Hi team, Subscription auto-renewed after I explicitly opted out. Refund required urgently.",Billing,High
TKT-01086,I changed my email and now I can't verify my identity.,I changed my email and now I can't verify my identity.,Account Access,Medium
TKT-01087,It would be nice to have dark mode support in the web app.,It would be nice to have dark mode support in the web app.,Technical,Low
TKT-01088,Payment failed but money was deducted from my bank. Need res...,"Payment failed but money was deducted from my bank. Need resolution ASAP. Dear support, ",Billing,High
TKT-01089,Is there a student discount available for the premium plan? ...,"Is there a student discount available for the premium plan? Hi team, ",Billing,Low
TKT-01090,My credit card was billed $500 instead of $50. This is urgen...,"My credit card was billed $500 instead of $50. This is urgent, please fix now!",Billing,High
TKT-01091,"Also, Unauthorized login detected from a foreign IP. Lock my...","Also, Unauthorized login detected from a foreign IP. Lock my account immediately. This is really frustrating. ",Account Access,High
TKT-01092,Need a copy of my invoice from last quarter for tax purposes...,Need a copy of my invoice from last quarter for tax purposes.,Billing,Medium
TKT-01093,This is really frustrating. File uploads fail silently when ...,This is really frustrating. File uploads fail silently when the file size exceeds 10 MB. Please prioritize this. ,Technical,Medium
TKT-01094,Looking forward to a quick resolution. Can I change the disp...,"Looking forward to a quick resolution. Can I change the display name shown on my profile? Hello, ",Account Access,Low
TKT-01095,I cancelled my plan last week but was still charged the full...,"I cancelled my plan last week but was still charged the full annual fee today. Hi team, ",Billing,High
TKT-01096,Urgent: Is there a way to change the default font size in th...,Urgent: Is there a way to change the default font size in the dashboard?,Technical,Low
TKT-01097,"Also, Multi-factor authentication is broken; I cannot receiv...","Also, Multi-factor authentication is broken; I cannot receive any verification codes.",Account Access,High
TKT-01098,Where can I read your terms of service and privacy policy? H...,Where can I read your terms of service and privacy policy? Hoping someone can assist. ,General Inquiry,Low
TKT-01099,"By the way, Need a copy of my invoice from last quarter for ...","By the way, Need a copy of my invoice from last quarter for tax purposes.",Billing,Medium
TKT-01100,Looking forward to a quick resolution. Is there a way to cha...,Looking forward to a quick resolution. Is there a way to change the default font size in the dashboard? Thanks in advance. ,Technical,Low
TKT-01101,My promo code didn't apply at checkout. Can someone look int...,My promo code didn't apply at checkout. Can someone look into this?,Billing,Medium
TKT-01102,Can I use a passkey instead of a traditional password?,Can I use a passkey instead of a traditional password?,Account Access,Low
TKT-01103,The entire platform is down and our team cannot access any r...,The entire platform is down and our team cannot access any resources!,Technical,High
TKT-01104,Can I get a breakdown of charges for the last six months?,Can I get a breakdown of charges for the last six months?,Billing,Low
TKT-01105,"My session keeps expiring every few minutes, forcing me to r...","My session keeps expiring every few minutes, forcing me to re-login.",Account Access,Medium
TKT-01106,Regulatory audit requires compliance documentation by end of...,Regulatory audit requires compliance documentation by end of day. Please expedite.,General Inquiry,High
TKT-01107,"My session keeps expiring every few minutes, forcing me to r...","My session keeps expiring every few minutes, forcing me to re-login.",Account Access,Medium
TKT-01108,FYI — How do I view my login history for security review?,FYI — How do I view my login history for security review?,Account Access,Low
TKT-01109,File uploads fail silently when the file size exceeds 10 MB.,File uploads fail silently when the file size exceeds 10 MB.,Technical,Medium
TKT-01110,How do I disconnect a linked social media account?,How do I disconnect a linked social media account?,Account Access,Low
TKT-01111,Legal team requires your updated data processing agreement w...,Legal team requires your updated data processing agreement within 24 hours. This is really frustrating. ,General Inquiry,High
TKT-01112,Looking forward to a quick resolution. Why was I charged a d...,Looking forward to a quick resolution. Why was I charged a different amount than what's shown on the pricing page?,Billing,Medium
TKT-01113,How do I view my login history for security review?,How do I view my login history for security review?,Account Access,Low
TKT-01114,Thanks in advance. What is the process for submitting a feat...,Thanks in advance. What is the process for submitting a feature request?,General Inquiry,Medium
TKT-01115,"Also, Unauthorized charge on my account. I did not authorize...","Also, Unauthorized charge on my account. I did not authorize this transaction at all. Dear support, ",Billing,High
TKT-01116,Looking forward to a quick resolution. Critical data loss af...,Looking forward to a quick resolution. Critical data loss after the latest update. We need recovery immediately.,Technical,High
TKT-01117,Do you have case studies from companies in the healthcare se...,Do you have case studies from companies in the healthcare sector?,General Inquiry,Medium
TKT-01118,Appreciate your help. The dashboard loads very slowly — take...,Appreciate your help. The dashboard loads very slowly — takes over 30 seconds every time.,Technical,Medium
TKT-01119,I cancelled my plan last week but was still charged the full...,I cancelled my plan last week but was still charged the full annual fee today.,Billing,High
TKT-01120,I want to downgrade my plan. Will I receive a prorated refun...,I want to downgrade my plan. Will I receive a prorated refund? Thanks in advance. ,Billing,Medium
TKT-01121,Can I provide feedback on a recent support interaction?,Can I provide feedback on a recent support interaction?,General Inquiry,Low
TKT-01122,Payment failed but money was deducted from my bank. Need res...,Payment failed but money was deducted from my bank. Need resolution ASAP.,Billing,High
TKT-01123,Export to CSV feature is generating corrupted files intermit...,Export to CSV feature is generating corrupted files intermittently.,Technical,Medium
TKT-01124,I'd like to switch from monthly to annual billing. What are ...,I'd like to switch from monthly to annual billing. What are the steps?,Billing,Medium
TKT-01125,Integration with our CRM completely broke after your last de...,Integration with our CRM completely broke after your last deployment. Looking forward to a quick resolution. ,Technical,High
TKT-01126,How do I set up automatic payments for my subscription?,How do I set up automatic payments for my subscription?,Billing,Low
TKT-01127,Legal team requires your updated data processing agreement w...,Legal team requires your updated data processing agreement within 24 hours.,General Inquiry,High
TKT-01128,FYI — Someone changed my email address on file. I think my a...,FYI — Someone changed my email address on file. I think my account was hacked.,Account Access,High
TKT-01129,Can I use a passkey instead of a traditional password?,Can I use a passkey instead of a traditional password?,Account Access,Low
TKT-01130,The SLA breach count has exceeded the threshold. Requesting ...,The SLA breach count has exceeded the threshold. Requesting formal review.,General Inquiry,High
TKT-01131,Can I use a passkey instead of a traditional password?,Can I use a passkey instead of a traditional password?,Account Access,Low
TKT-01132,Can we get a dedicated account manager for our organization?,Can we get a dedicated account manager for our organization?,General Inquiry,Medium
TKT-01133,Thanks in advance. Integration with our CRM completely broke...,Thanks in advance. Integration with our CRM completely broke after your last deployment.,Technical,High
TKT-01134,File uploads fail silently when the file size exceeds 10 MB.,File uploads fail silently when the file size exceeds 10 MB.,Technical,Medium
TKT-01135,My account has been locked and I cannot reset my password. N...,My account has been locked and I cannot reset my password. Need access now!,Account Access,High
TKT-01136,We are evaluating your product for a 5000-seat enterprise de...,We are evaluating your product for a 5000-seat enterprise deal. Need info ASAP.,General Inquiry,High
TKT-01137,Please note: The dashboard loads very slowly — takes over 30...,"Please note: The dashboard loads very slowly — takes over 30 seconds every time. Hello, ",Technical,Medium
TKT-01138,Payment failed but money was deducted from my bank. Need res...,Payment failed but money was deducted from my bank. Need resolution ASAP.,Billing,High
TKT-01139,"Dear support, Regulatory audit requires compliance documenta...","Dear support, Regulatory audit requires compliance documentation by end of day. Please expedite.",General Inquiry,High
TKT-01140,Appreciate your help. Can I get a breakdown of charges for t...,Appreciate your help. Can I get a breakdown of charges for the last six months? Urgent: ,Billing,Low
TKT-01141,Export to CSV feature is generating corrupted files intermit...,Export to CSV feature is generating corrupted files intermittently.,Technical,Medium
TKT-01142,Critical data loss after the latest update. We need recovery...,Critical data loss after the latest update. We need recovery immediately.,Technical,High
TKT-01143,What happens to my data if I miss a payment cycle?,What happens to my data if I miss a payment cycle?,Billing,Low
TKT-01144,Our contract expires tomorrow and we haven't received the re...,Our contract expires tomorrow and we haven't received the renewal terms yet.,General Inquiry,High
TKT-01145,"Also, Can I provide feedback on a recent support interaction...","Also, Can I provide feedback on a recent support interaction?",General Inquiry,Low
TKT-01146,Minor typo on the settings page: 'Notifcations' instead of '...,Minor typo on the settings page: 'Notifcations' instead of 'Notifications'.,Technical,Low
TKT-01147,Need a copy of my invoice from last quarter for tax purposes...,Need a copy of my invoice from last quarter for tax purposes.,Billing,Medium
TKT-01148,Thanks in advance. I see a mysterious charge labeled 'premiu...,Thanks in advance. I see a mysterious charge labeled 'premium upgrade' that I never requested. Thanks in advance. ,Billing,High
TKT-01149,This is really frustrating. Regulatory audit requires compli...,"This is really frustrating. Regulatory audit requires compliance documentation by end of day. Please expedite. Also, ",General Inquiry,High
TKT-01150,Can we get a dedicated account manager for our organization?,Can we get a dedicated account manager for our organization?,General Inquiry,Medium
TKT-01151,Urgent: Our contract expires tomorrow and we haven't receive...,Urgent: Our contract expires tomorrow and we haven't received the renewal terms yet.,General Inquiry,High
TKT-01152,"Dear support, What payment methods do you accept besides cre...","Dear support, What payment methods do you accept besides credit cards?",Billing,Low
TKT-01153,"Hi team, I see a mysterious charge labeled 'premium upgrade'...","Hi team, I see a mysterious charge labeled 'premium upgrade' that I never requested.",Billing,High
TKT-01154,Are there any upcoming webinars or online events we can join...,Are there any upcoming webinars or online events we can join?,General Inquiry,Low
TKT-01155,Appreciate your help. Database sync is corrupted and none of...,Appreciate your help. Database sync is corrupted and none of our records are loading properly. Appreciate your help. ,Technical,High
TKT-01156,Urgent: Do you have a referral program for existing customer...,Urgent: Do you have a referral program for existing customers?,General Inquiry,Low
TKT-01157,"Hi team, It would be nice to have dark mode support in the w...","Hi team, It would be nice to have dark mode support in the web app.",Technical,Low
TKT-01158,Appreciate your help. The mobile app icon looks blurry on hi...,Appreciate your help. The mobile app icon looks blurry on high-resolution screens.,Technical,Low
TKT-01159,Search functionality returns irrelevant results for exact-ma...,Search functionality returns irrelevant results for exact-match queries.,Technical,Medium
TKT-01160,I need to transfer ownership of this account to a colleague.,I need to transfer ownership of this account to a colleague.,Account Access,Medium
TKT-01161,Integration with our CRM completely broke after your last de...,Integration with our CRM completely broke after your last deployment. This is really frustrating. ,Technical,High
TKT-01162,I'd like to switch from monthly to annual billing. What are ...,I'd like to switch from monthly to annual billing. What are the steps? Appreciate your help. ,Billing,Medium
TKT-01163,This is really frustrating. Can I get a breakdown of charges...,This is really frustrating. Can I get a breakdown of charges for the last six months?,Billing,Low
TKT-01164,Two-factor authentication emails are arriving with a 15-minu...,Two-factor authentication emails are arriving with a 15-minute delay.,Technical,Medium
TKT-01165,Thanks in advance. Do you have a referral program for existi...,Thanks in advance. Do you have a referral program for existing customers?,General Inquiry,Low
TKT-01166,Where do I manage email notification preferences?,Where do I manage email notification preferences?,Account Access,Low
TKT-01167,Please prioritize this. Just wanted to say thanks — the new ...,Please prioritize this. Just wanted to say thanks — the new update is really smooth!,General Inquiry,Low
TKT-01168,Urgent: Payment failed but money was deducted from my bank. ...,Urgent: Payment failed but money was deducted from my bank. Need resolution ASAP. This is really frustrating. ,Billing,High
TKT-01169,Looking forward to a quick resolution. Client-facing demo is...,Looking forward to a quick resolution. Client-facing demo is tomorrow and the trial environment is not set up yet.,General Inquiry,High
TKT-01170,Why was I charged a different amount than what's shown on th...,Why was I charged a different amount than what's shown on the pricing page?,Billing,Medium
TKT-01171,What is the process for submitting a feature request? We've ...,What is the process for submitting a feature request? We've been waiting for days. ,General Inquiry,Medium
TKT-01172,"Hi team, Can we get a dedicated account manager for our orga...","Hi team, Can we get a dedicated account manager for our organization?",General Inquiry,Medium
TKT-01173,Where can I find your community forum or user group?,Where can I find your community forum or user group?,General Inquiry,Low
TKT-01174,Thanks in advance. Our contract expires tomorrow and we have...,Thanks in advance. Our contract expires tomorrow and we haven't received the renewal terms yet.,General Inquiry,High
TKT-01175,Please prioritize this. Where can I find my account ID or cu...,Please prioritize this. Where can I find my account ID or customer number?,Account Access,Low
TKT-01176,FYI — The on-boarding tooltip covers the submit button on sm...,FYI — The on-boarding tooltip covers the submit button on smaller screens. Looking forward to a quick resolution. ,Technical,Low
TKT-01177,Minor typo on the settings page: 'Notifcations' instead of '...,Minor typo on the settings page: 'Notifcations' instead of 'Notifications'. Thanks in advance. ,Technical,Low
TKT-01178,The dashboard loads very slowly — takes over 30 seconds ever...,The dashboard loads very slowly — takes over 30 seconds every time.,Technical,Medium
TKT-01179,"Hello, Payment failed but money was deducted from my bank. N...","Hello, Payment failed but money was deducted from my bank. Need resolution ASAP.",Billing,High
TKT-01180,"Hi team, We'd like to schedule a training session for our ne...","Hi team, We'd like to schedule a training session for our new team members.",General Inquiry,Medium
TKT-01181,Is there an API rate-limit increase available for our curren...,Is there an API rate-limit increase available for our current plan?,General Inquiry,Medium
TKT-01182,Account suspended without explanation. I have a client demo ...,Account suspended without explanation. I have a client demo in one hour!,Account Access,High
TKT-01183,FYI — How do I view my login history for security review?,FYI — How do I view my login history for security review?,Account Access,Low
TKT-01184,Is there an API rate-limit increase available for our curren...,Is there an API rate-limit increase available for our current plan?,General Inquiry,Medium
TKT-01185,Are there any upcoming webinars or online events we can join...,Are there any upcoming webinars or online events we can join?,General Inquiry,Low
TKT-01186,Thanks in advance. What payment methods do you accept beside...,Thanks in advance. What payment methods do you accept besides credit cards?,Billing,Low
TKT-01187,We've been waiting for days. Where can I find your community...,We've been waiting for days. Where can I find your community forum or user group?,General Inquiry,Low
TKT-01188,Just wanted to say thanks — the new update is really smooth!,Just wanted to say thanks — the new update is really smooth!,General Inquiry,Low
TKT-01189,This is really frustrating. Password reset link expired inst...,This is really frustrating. Password reset link expired instantly. I've tried five times with no luck.,Account Access,High
TKT-01190,Please note: Where can I find the latest product documentati...,Please note: Where can I find the latest product documentation and release notes? FYI — ,General Inquiry,Medium
TKT-01191,Payment failed but money was deducted from my bank. Need res...,Payment failed but money was deducted from my bank. Need resolution ASAP.,Billing,High
TKT-01192,"Also, Need an emergency meeting with your solutions architec...","Also, Need an emergency meeting with your solutions architect before our board call.",General Inquiry,High
TKT-01193,We've been waiting for days. Where can I read your terms of ...,We've been waiting for days. Where can I read your terms of service and privacy policy?,General Inquiry,Low
TKT-01194,"Hi team, Is there a mobile app available for Android?","Hi team, Is there a mobile app available for Android?",General Inquiry,Low
TKT-01195,"Also, What payment methods do you accept besides credit card...","Also, What payment methods do you accept besides credit cards?",Billing,Low
TKT-01196,Payment failed but money was deducted from my bank. Need res...,Payment failed but money was deducted from my bank. Need resolution ASAP. Looking forward to a quick resolution. ,Billing,High
TKT-01197,Please prioritize this. Integration with our CRM completely ...,Please prioritize this. Integration with our CRM completely broke after your last deployment.,Technical,High
TKT-01198,I can log in on mobile but the web app says my credentials a...,I can log in on mobile but the web app says my credentials are invalid.,Account Access,Medium
TKT-01199,Our automated pipeline is failing because your API endpoint ...,Our automated pipeline is failing because your API endpoint is unreachable. This is really frustrating. ,Technical,High
TKT-01200,This is really frustrating. My admin privileges were revoked...,This is really frustrating. My admin privileges were revoked and I can no longer manage our team.,Account Access,High
TKT-01201,Where can I find my account ID or customer number?,Where can I find my account ID or customer number?,Account Access,Low
TKT-01202,I cancelled my plan last week but was still charged the full...,I cancelled my plan last week but was still charged the full annual fee today.,Billing,High
TKT-01203,Just wanted to say thanks — the new update is really smooth!,Just wanted to say thanks — the new update is really smooth!,General Inquiry,Low
TKT-01204,"Dear support, What new features are planned for the next pro...","Dear support, What new features are planned for the next product release?",General Inquiry,Medium
TKT-01205,The drag-and-drop feature stopped working in the latest Chro...,The drag-and-drop feature stopped working in the latest Chrome update.,Technical,Medium
TKT-01206,We are evaluating your product for a 5000-seat enterprise de...,We are evaluating your product for a 5000-seat enterprise deal. Need info ASAP.,General Inquiry,High
TKT-01207,Thanks in advance. I can log in on mobile but the web app sa...,Thanks in advance. I can log in on mobile but the web app says my credentials are invalid. Hoping someone can assist. ,Account Access,Medium
TKT-01208,"Hello, Regulatory audit requires compliance documentation by...","Hello, Regulatory audit requires compliance documentation by end of day. Please expedite.",General Inquiry,High
TKT-01209,What happens to my data if I miss a payment cycle?,What happens to my data if I miss a payment cycle?,Billing,Low
TKT-01210,"Hello, Database sync is corrupted and none of our records ar...","Hello, Database sync is corrupted and none of our records are loading properly.",Technical,High
TKT-01211,Are there any upcoming webinars or online events we can join...,"Are there any upcoming webinars or online events we can join? By the way, ",General Inquiry,Low
TKT-01212,Where can I read your terms of service and privacy policy? T...,Where can I read your terms of service and privacy policy? This is really frustrating. ,General Inquiry,Low
TKT-01213,"Hi team, I'm completely locked out after too many failed log...","Hi team, I'm completely locked out after too many failed login attempts. Please unlock. FYI — ",Account Access,High
TKT-01214,FYI — Can you add keyboard shortcuts for the most common act...,FYI — Can you add keyboard shortcuts for the most common actions? This is really frustrating. ,Technical,Low
TKT-01215,This is really frustrating. I see a mysterious charge labele...,This is really frustrating. I see a mysterious charge labeled 'premium upgrade' that I never requested.,Billing,High
TKT-01216,"My session keeps expiring every few minutes, forcing me to r...","My session keeps expiring every few minutes, forcing me to re-login. FYI — ",Account Access,Medium
TKT-01217,The entire platform is down and our team cannot access any r...,"The entire platform is down and our team cannot access any resources! Dear support, ",Technical,High
TKT-01218,I can log in on mobile but the web app says my credentials a...,I can log in on mobile but the web app says my credentials are invalid. Please prioritize this. ,Account Access,Medium
TKT-01219,Looking forward to a quick resolution. Can you merge my two ...,Looking forward to a quick resolution. Can you merge my two accounts into a single one?,Account Access,Medium
TKT-01220,Appreciate your help. Unauthorized login detected from a for...,Appreciate your help. Unauthorized login detected from a foreign IP. Lock my account immediately. Please prioritize this. ,Account Access,High
TKT-01221,What are the password complexity requirements?,What are the password complexity requirements?,Account Access,Low
TKT-01222,"Also, The entire platform is down and our team cannot access...","Also, The entire platform is down and our team cannot access any resources!",Technical,High
TKT-01223,Unauthorized charge on my account. I did not authorize this ...,Unauthorized charge on my account. I did not authorize this transaction at all.,Billing,High
TKT-01224,"By the way, Client-facing demo is tomorrow and the trial env...","By the way, Client-facing demo is tomorrow and the trial environment is not set up yet. Hi team, ",General Inquiry,High
TKT-01225,What payment methods do you accept besides credit cards?,What payment methods do you accept besides credit cards?,Billing,Low
TKT-01226,Are there any upcoming webinars or online events we can join...,Are there any upcoming webinars or online events we can join?,General Inquiry,Low
TKT-01227,Urgent: Is there a way to change the default font size in th...,Urgent: Is there a way to change the default font size in the dashboard?,Technical,Low
TKT-01228,Someone changed my email address on file. I think my account...,Someone changed my email address on file. I think my account was hacked.,Account Access,High
TKT-01229,How do I update the payment method on file to a new credit c...,How do I update the payment method on file to a new credit card? We've been waiting for days. ,Billing,Medium
TKT-01230,File uploads fail silently when the file size exceeds 10 MB.,File uploads fail silently when the file size exceeds 10 MB.,Technical,Medium
TKT-01231,Do you have a referral program for existing customers? This ...,Do you have a referral program for existing customers? This is really frustrating. ,General Inquiry,Low
TKT-01232,Can you provide a comparison between the Pro and Enterprise ...,Can you provide a comparison between the Pro and Enterprise tiers?,General Inquiry,Medium
TKT-01233,What are your customer support hours on weekends?,What are your customer support hours on weekends?,General Inquiry,Low
TKT-01234,File uploads fail silently when the file size exceeds 10 MB.,File uploads fail silently when the file size exceeds 10 MB.,Technical,Medium
TKT-01235,I can log in on mobile but the web app says my credentials a...,I can log in on mobile but the web app says my credentials are invalid. Appreciate your help. ,Account Access,Medium
TKT-01236,Application crashes on login for all users in our organizati...,"Application crashes on login for all users in our organization. Also, ",Technical,High
TKT-01237,How do I enable two-factor authentication for my account? Ap...,How do I enable two-factor authentication for my account? Appreciate your help. ,Account Access,Medium
TKT-01238,"Hello, Password reset link expired instantly. I've tried fiv...","Hello, Password reset link expired instantly. I've tried five times with no luck.",Account Access,High
TKT-01239,Please note: Is there an API rate-limit increase available f...,Please note: Is there an API rate-limit increase available for our current plan?,General Inquiry,Medium
TKT-01240,Thanks in advance. Export to CSV feature is generating corru...,Thanks in advance. Export to CSV feature is generating corrupted files intermittently.,Technical,Medium
TKT-01241,My credit card was billed $500 instead of $50. This is urgen...,"My credit card was billed $500 instead of $50. This is urgent, please fix now!",Billing,High
TKT-01242,Just wanted to say thanks — the new update is really smooth!...,Just wanted to say thanks — the new update is really smooth! We've been waiting for days. ,General Inquiry,Low
TKT-01243,The on-boarding tooltip covers the submit button on smaller ...,The on-boarding tooltip covers the submit button on smaller screens.,Technical,Low
TKT-01244,We'd like to schedule a training session for our new team me...,We'd like to schedule a training session for our new team members.,General Inquiry,Medium
TKT-01245,Can I use a passkey instead of a traditional password?,Can I use a passkey instead of a traditional password?,Account Access,Low
TKT-01246,Just wanted to say thanks — the new update is really smooth!...,Just wanted to say thanks — the new update is really smooth! This is really frustrating. ,General Inquiry,Low
TKT-01247,What is the process for submitting a feature request? Apprec...,What is the process for submitting a feature request? Appreciate your help. ,General Inquiry,Medium
TKT-01248,What is the process for submitting a feature request?,What is the process for submitting a feature request?,General Inquiry,Medium
TKT-01249,It would be nice to have dark mode support in the web app. A...,"It would be nice to have dark mode support in the web app. Also, ",Technical,Low
TKT-01250,Can you add an option to sort tickets by creation date in as...,Can you add an option to sort tickets by creation date in ascending order?,Technical,Low
TKT-01251,"By the way, Executive sponsor wants a migration timeline doc...","By the way, Executive sponsor wants a migration timeline document before signing the PO.",General Inquiry,High
TKT-01252,File uploads fail silently when the file size exceeds 10 MB....,"File uploads fail silently when the file size exceeds 10 MB. By the way, ",Technical,Medium
TKT-01253,We've been waiting for days. Can you merge my two accounts i...,We've been waiting for days. Can you merge my two accounts into a single one?,Account Access,Medium
TKT-01254,"Hello, Application crashes on login for all users in our org...","Hello, Application crashes on login for all users in our organization.",Technical,High
TKT-01255,Critical data loss after the latest update. We need recovery...,"Critical data loss after the latest update. We need recovery immediately. Dear support, ",Technical,High
TKT-01256,Please prioritize this. How do I view my login history for s...,Please prioritize this. How do I view my login history for security review?,Account Access,Low
TKT-01257,What are the password complexity requirements? We've been wa...,What are the password complexity requirements? We've been waiting for days. ,Account Access,Low
TKT-01258,"Also, My promo code didn't apply at checkout. Can someone lo...","Also, My promo code didn't apply at checkout. Can someone look into this?",Billing,Medium
TKT-01259,Please prioritize this. Where can I find your community foru...,Please prioritize this. Where can I find your community forum or user group? We've been waiting for days. ,General Inquiry,Low
TKT-01260,Please prioritize this. Our contract expires tomorrow and we...,Please prioritize this. Our contract expires tomorrow and we haven't received the renewal terms yet. Thanks in advance. ,General Inquiry,High
TKT-01261,Hoping someone can assist. Where can I find the latest produ...,Hoping someone can assist. Where can I find the latest product documentation and release notes?,General Inquiry,Medium
TKT-01262,Urgent: Security vulnerability found. Sensitive customer dat...,"Urgent: Security vulnerability found. Sensitive customer data may be exposed. Hello, ",Technical,High
TKT-01263,FYI — How do I enable two-factor authentication for my accou...,"FYI — How do I enable two-factor authentication for my account? Also, ",Account Access,Medium
TKT-01264,"Hello, Our contract expires tomorrow and we haven't received...","Hello, Our contract expires tomorrow and we haven't received the renewal terms yet.",General Inquiry,High
TKT-01265,Search functionality returns irrelevant results for exact-ma...,Search functionality returns irrelevant results for exact-match queries.,Technical,Medium
TKT-01266,Urgent: Need an emergency meeting with your solutions archit...,Urgent: Need an emergency meeting with your solutions architect before our board call.,General Inquiry,High
TKT-01267,"Also, The on-boarding tooltip covers the submit button on sm...","Also, The on-boarding tooltip covers the submit button on smaller screens.",Technical,Low
TKT-01268,"Also, What new features are planned for the next product rel...","Also, What new features are planned for the next product release? Hi team, ",General Inquiry,Medium
TKT-01269,What happens to my data if I miss a payment cycle?,What happens to my data if I miss a payment cycle?,Billing,Low
TKT-01270,Critical data loss after the latest update. We need recovery...,Critical data loss after the latest update. We need recovery immediately.,Technical,High
TKT-01271,Hoping someone can assist. I need to transfer ownership of t...,Hoping someone can assist. I need to transfer ownership of this account to a colleague.,Account Access,Medium
TKT-01272,How do I enable two-factor authentication for my account?,How do I enable two-factor authentication for my account?,Account Access,Medium
TKT-01273,Where can I read your terms of service and privacy policy?,Where can I read your terms of service and privacy policy?,General Inquiry,Low
TKT-01274,Can I get a breakdown of charges for the last six months?,Can I get a breakdown of charges for the last six months?,Billing,Low
TKT-01275,Is there a mobile app available for Android?,Is there a mobile app available for Android?,General Inquiry,Low
TKT-01276,"Dear support, I can log in on mobile but the web app says my...","Dear support, I can log in on mobile but the web app says my credentials are invalid. Dear support, ",Account Access,Medium
TKT-01277,"Hello, I need to transfer ownership of this account to a col...","Hello, I need to transfer ownership of this account to a colleague.",Account Access,Medium
TKT-01278,Where can I download old receipts from my account?,Where can I download old receipts from my account?,Billing,Low
TKT-01279,The discount I was promised during sign-up isn't reflected o...,The discount I was promised during sign-up isn't reflected on my bill. Urgent: ,Billing,Medium
TKT-01280,Where do I manage email notification preferences?,Where do I manage email notification preferences?,Account Access,Low
TKT-01281,Need an emergency meeting with your solutions architect befo...,Need an emergency meeting with your solutions architect before our board call.,General Inquiry,High
TKT-01282,We've been waiting for days. Someone changed my email addres...,We've been waiting for days. Someone changed my email address on file. I think my account was hacked.,Account Access,High
TKT-01283,Password reset link expired instantly. I've tried five times...,Password reset link expired instantly. I've tried five times with no luck.,Account Access,High
TKT-01284,Looking forward to a quick resolution. Do you have a referra...,Looking forward to a quick resolution. Do you have a referral program for existing customers? Please prioritize this. ,General Inquiry,Low
TKT-01285,Appreciate your help. Where can I read your terms of service...,Appreciate your help. Where can I read your terms of service and privacy policy?,General Inquiry,Low
TKT-01286,"Can I change the display name shown on my profile? Hi team, ","Can I change the display name shown on my profile? Hi team, ",Account Access,Low
TKT-01287,I'd like to switch from monthly to annual billing. What are ...,I'd like to switch from monthly to annual billing. What are the steps?,Billing,Medium
TKT-01288,My admin privileges were revoked and I can no longer manage ...,My admin privileges were revoked and I can no longer manage our team.,Account Access,High
TKT-01289,Need a copy of my invoice from last quarter for tax purposes...,Need a copy of my invoice from last quarter for tax purposes.,Billing,Medium
TKT-01290,What new features are planned for the next product release?,What new features are planned for the next product release?,General Inquiry,Medium
TKT-01291,Appreciate your help. My session keeps expiring every few mi...,"Appreciate your help. My session keeps expiring every few minutes, forcing me to re-login.",Account Access,Medium
TKT-01292,Hoping someone can assist. Security vulnerability found. Sen...,Hoping someone can assist. Security vulnerability found. Sensitive customer data may be exposed.,Technical,High
TKT-01293,Reports show incorrect date ranges when timezone is set to U...,Reports show incorrect date ranges when timezone is set to UTC.,Technical,Medium
TKT-01294,Can you explain the extra fee on my latest invoice?,Can you explain the extra fee on my latest invoice?,Billing,Medium
TKT-01295,Please prioritize this. Can I get a breakdown of charges for...,Please prioritize this. Can I get a breakdown of charges for the last six months?,Billing,Low
TKT-01296,I was charged twice for my subscription this month and need ...,I was charged twice for my subscription this month and need an immediate refund.,Billing,High
TKT-01297,It would be nice to have dark mode support in the web app.,It would be nice to have dark mode support in the web app.,Technical,Low
TKT-01298,Our automated pipeline is failing because your API endpoint ...,Our automated pipeline is failing because your API endpoint is unreachable.,Technical,High
TKT-01299,Can you add an option to sort tickets by creation date in as...,Can you add an option to sort tickets by creation date in ascending order?,Technical,Low
TKT-01300,Server returns 500 error on every API call since this mornin...,"Server returns 500 error on every API call since this morning. Production blocked. Hi team, ",Technical,High
TKT-01301,We've been waiting for days. Can you add an option to sort t...,We've been waiting for days. Can you add an option to sort tickets by creation date in ascending order?,Technical,Low
TKT-01302,"Also, Just wondering when the next billing cycle starts. Ple...","Also, Just wondering when the next billing cycle starts. Please prioritize this. ",Billing,Low
TKT-01303,How do I add a new team member to our company account? FYI —...,How do I add a new team member to our company account? FYI — ,Account Access,Medium
TKT-01304,Can we get a dedicated account manager for our organization?,Can we get a dedicated account manager for our organization?,General Inquiry,Medium
TKT-01305,Can I provide feedback on a recent support interaction?,Can I provide feedback on a recent support interaction?,General Inquiry,Low
TKT-01306,Please note: Unauthorized login detected from a foreign IP. ...,Please note: Unauthorized login detected from a foreign IP. Lock my account immediately. Appreciate your help. ,Account Access,High
TKT-01307,Subscription auto-renewed after I explicitly opted out. Refu...,Subscription auto-renewed after I explicitly opted out. Refund required urgently. Thanks in advance. ,Billing,High
TKT-01308,Reports show incorrect date ranges when timezone is set to U...,Reports show incorrect date ranges when timezone is set to UTC.,Technical,Medium
TKT-01309,I was charged twice for my subscription this month and need ...,I was charged twice for my subscription this month and need an immediate refund.,Billing,High
TKT-01310,I want to downgrade my plan. Will I receive a prorated refun...,I want to downgrade my plan. Will I receive a prorated refund? This is really frustrating. ,Billing,Medium
TKT-01311,What are your customer support hours on weekends? Please pri...,What are your customer support hours on weekends? Please prioritize this. ,General Inquiry,Low
TKT-01312,Looking forward to a quick resolution. Our contract expires ...,Looking forward to a quick resolution. Our contract expires tomorrow and we haven't received the renewal terms yet.,General Inquiry,High
TKT-01313,Can you provide a comparison between the Pro and Enterprise ...,Can you provide a comparison between the Pro and Enterprise tiers?,General Inquiry,Medium
TKT-01314,Client-facing demo is tomorrow and the trial environment is ...,Client-facing demo is tomorrow and the trial environment is not set up yet.,General Inquiry,High
TKT-01315,Where can I find my account ID or customer number?,Where can I find my account ID or customer number?,Account Access,Low
TKT-01316,I changed my email and now I can't verify my identity.,I changed my email and now I can't verify my identity.,Account Access,Medium
TKT-01317,This is really frustrating. The drag-and-drop feature stoppe...,This is really frustrating. The drag-and-drop feature stopped working in the latest Chrome update.,Technical,Medium
TKT-01318,What are your customer support hours on weekends?,What are your customer support hours on weekends?,General Inquiry,Low
TKT-01319,Subscription auto-renewed after I explicitly opted out. Refu...,Subscription auto-renewed after I explicitly opted out. Refund required urgently.,Billing,High
TKT-01320,Where can I find the latest product documentation and releas...,Where can I find the latest product documentation and release notes?,General Inquiry,Medium
TKT-01321,Thanks in advance. Two-factor authentication emails are arri...,Thanks in advance. Two-factor authentication emails are arriving with a 15-minute delay. Hoping someone can assist. ,Technical,Medium
TKT-01322,Urgent: The drag-and-drop feature stopped working in the lat...,Urgent: The drag-and-drop feature stopped working in the latest Chrome update. Urgent: ,Technical,Medium
TKT-01323,My credit card was billed $500 instead of $50. This is urgen...,"My credit card was billed $500 instead of $50. This is urgent, please fix now!",Billing,High
TKT-01324,Are there any upcoming webinars or online events we can join...,Are there any upcoming webinars or online events we can join?,General Inquiry,Low
TKT-01325,Can I get a breakdown of charges for the last six months? FY...,Can I get a breakdown of charges for the last six months? FYI — ,Billing,Low
TKT-01326,"By the way, Where can I find my account ID or customer numbe...","By the way, Where can I find my account ID or customer number?",Account Access,Low
TKT-01327,Regulatory audit requires compliance documentation by end of...,Regulatory audit requires compliance documentation by end of day. Please expedite.,General Inquiry,High
TKT-01328,"Dear support, Password reset link expired instantly. I've tr...","Dear support, Password reset link expired instantly. I've tried five times with no luck.",Account Access,High
TKT-01329,Is there a student discount available for the premium plan?,Is there a student discount available for the premium plan?,Billing,Low
TKT-01330,Payment failed but money was deducted from my bank. Need res...,Payment failed but money was deducted from my bank. Need resolution ASAP. FYI — ,Billing,High
TKT-01331,How do I add a new team member to our company account?,How do I add a new team member to our company account?,Account Access,Medium
TKT-01332,This is really frustrating. Is there an option to set a prof...,This is really frustrating. Is there an option to set a profile picture?,Account Access,Low
TKT-01333,Search functionality returns irrelevant results for exact-ma...,Search functionality returns irrelevant results for exact-match queries.,Technical,Medium
TKT-01334,"Hello, Two-factor authentication emails are arriving with a ...","Hello, Two-factor authentication emails are arriving with a 15-minute delay.",Technical,Medium
TKT-01335,Thanks in advance. What new features are planned for the nex...,Thanks in advance. What new features are planned for the next product release?,General Inquiry,Medium
TKT-01336,Urgent: Account suspended without explanation. I have a clie...,Urgent: Account suspended without explanation. I have a client demo in one hour!,Account Access,High
TKT-01337,Reports show incorrect date ranges when timezone is set to U...,Reports show incorrect date ranges when timezone is set to UTC.,Technical,Medium
TKT-01338,Integration with our CRM completely broke after your last de...,Integration with our CRM completely broke after your last deployment.,Technical,High
TKT-01339,Do you offer any nonprofit pricing or special plans?,Do you offer any nonprofit pricing or special plans?,Billing,Low
TKT-01340,Can you explain the extra fee on my latest invoice?,Can you explain the extra fee on my latest invoice?,Billing,Medium
TKT-01341,This is really frustrating. Do you have case studies from co...,This is really frustrating. Do you have case studies from companies in the healthcare sector? Please note: ,General Inquiry,Medium
TKT-01342,I was charged twice for my subscription this month and need ...,I was charged twice for my subscription this month and need an immediate refund. Appreciate your help. ,Billing,High
TKT-01343,Is there an API rate-limit increase available for our curren...,Is there an API rate-limit increase available for our current plan?,General Inquiry,Medium
TKT-01344,Appreciate your help. Where can I find your community forum ...,Appreciate your help. Where can I find your community forum or user group? Looking forward to a quick resolution. ,General Inquiry,Low
TKT-01345,We'd like to schedule a training session for our new team me...,We'd like to schedule a training session for our new team members.,General Inquiry,Medium
TKT-01346,The drag-and-drop feature stopped working in the latest Chro...,The drag-and-drop feature stopped working in the latest Chrome update.,Technical,Medium
TKT-01347,Do you have case studies from companies in the healthcare se...,"Do you have case studies from companies in the healthcare sector? Hi team, ",General Inquiry,Medium
TKT-01348,Hoping someone can assist. Is there a mobile app available f...,Hoping someone can assist. Is there a mobile app available for Android? Hoping someone can assist. ,General Inquiry,Low
TKT-01349,"Also, I see a mysterious charge labeled 'premium upgrade' th...","Also, I see a mysterious charge labeled 'premium upgrade' that I never requested. We've been waiting for days. ",Billing,High
TKT-01350,Search functionality returns irrelevant results for exact-ma...,Search functionality returns irrelevant results for exact-match queries.,Technical,Medium
TKT-01351,"Dear support, Our automated pipeline is failing because your...","Dear support, Our automated pipeline is failing because your API endpoint is unreachable. Thanks in advance. ",Technical,High
TKT-01352,Multi-factor authentication is broken; I cannot receive any ...,"Multi-factor authentication is broken; I cannot receive any verification codes. Dear support, ",Account Access,High
TKT-01353,"By the way, What are your customer support hours on weekends...","By the way, What are your customer support hours on weekends? This is really frustrating. ",General Inquiry,Low
TKT-01354,"Dear support, Two-factor authentication emails are arriving ...","Dear support, Two-factor authentication emails are arriving with a 15-minute delay. Looking forward to a quick resolution. ",Technical,Medium
TKT-01355,I was charged twice for my subscription this month and need ...,I was charged twice for my subscription this month and need an immediate refund. This is really frustrating. ,Billing,High
TKT-01356,Can you add an option to sort tickets by creation date in as...,Can you add an option to sort tickets by creation date in ascending order?,Technical,Low
TKT-01357,I can log in on mobile but the web app says my credentials a...,I can log in on mobile but the web app says my credentials are invalid.,Account Access,Medium
TKT-01358,This is really frustrating. Need a copy of my invoice from l...,This is really frustrating. Need a copy of my invoice from last quarter for tax purposes.,Billing,Medium
TKT-01359,How do I enable two-factor authentication for my account?,How do I enable two-factor authentication for my account?,Account Access,Medium
TKT-01360,Minor typo on the settings page: 'Notifcations' instead of '...,Minor typo on the settings page: 'Notifcations' instead of 'Notifications'.,Technical,Low
TKT-01361,We've been waiting for days. Can you provide a comparison be...,We've been waiting for days. Can you provide a comparison between the Pro and Enterprise tiers?,General Inquiry,Medium
TKT-01362,I want to downgrade my plan. Will I receive a prorated refun...,I want to downgrade my plan. Will I receive a prorated refund? Please note: ,Billing,Medium
TKT-01363,Just wondering when the next billing cycle starts.,Just wondering when the next billing cycle starts.,Billing,Low
TKT-01364,Reports show incorrect date ranges when timezone is set to U...,Reports show incorrect date ranges when timezone is set to UTC.,Technical,Medium
TKT-01365,Looking forward to a quick resolution. The on-boarding toolt...,Looking forward to a quick resolution. The on-boarding tooltip covers the submit button on smaller screens.,Technical,Low
TKT-01366,"Also, Server returns 500 error on every API call since this ...","Also, Server returns 500 error on every API call since this morning. Production blocked.",Technical,High
TKT-01367,Need an emergency meeting with your solutions architect befo...,Need an emergency meeting with your solutions architect before our board call. Thanks in advance. ,General Inquiry,High
TKT-01368,Where can I find the latest product documentation and releas...,Where can I find the latest product documentation and release notes?,General Inquiry,Medium
TKT-01369,"Also, I forgot my password and the reset email goes to an ol...","Also, I forgot my password and the reset email goes to an old address.",Account Access,Medium
TKT-01370,Just wanted to say thanks — the new update is really smooth!...,Just wanted to say thanks — the new update is really smooth! Looking forward to a quick resolution. ,General Inquiry,Low
TKT-01371,Do you have case studies from companies in the healthcare se...,Do you have case studies from companies in the healthcare sector?,General Inquiry,Medium
TKT-01372,How do I view my login history for security review? By the w...,"How do I view my login history for security review? By the way, ",Account Access,Low
TKT-01373,Unauthorized charge on my account. I did not authorize this ...,Unauthorized charge on my account. I did not authorize this transaction at all. Please prioritize this. ,Billing,High
TKT-01374,Looking forward to a quick resolution. We are evaluating you...,Looking forward to a quick resolution. We are evaluating your product for a 5000-seat enterprise deal. Need info ASAP. FYI — ,General Inquiry,High
TKT-01375,What new features are planned for the next product release?,What new features are planned for the next product release?,General Inquiry,Medium
TKT-01376,I want to downgrade my plan. Will I receive a prorated refun...,I want to downgrade my plan. Will I receive a prorated refund?,Billing,Medium
TKT-01377,Appreciate your help. I'd like to switch from monthly to ann...,Appreciate your help. I'd like to switch from monthly to annual billing. What are the steps?,Billing,Medium
TKT-01378,Critical data loss after the latest update. We need recovery...,Critical data loss after the latest update. We need recovery immediately.,Technical,High
TKT-01379,Looking forward to a quick resolution. Can I provide feedbac...,Looking forward to a quick resolution. Can I provide feedback on a recent support interaction?,General Inquiry,Low
TKT-01380,Do you offer any nonprofit pricing or special plans?,Do you offer any nonprofit pricing or special plans?,Billing,Low
TKT-01381,"By the way, Unauthorized charge on my account. I did not aut...","By the way, Unauthorized charge on my account. I did not authorize this transaction at all. Hoping someone can assist. ",Billing,High
TKT-01382,I'm completely locked out after too many failed login attemp...,I'm completely locked out after too many failed login attempts. Please unlock.,Account Access,High
TKT-01383,"Can you merge my two accounts into a single one? By the way,...","Can you merge my two accounts into a single one? By the way, ",Account Access,Medium
TKT-01384,Can we get a dedicated account manager for our organization?...,"Can we get a dedicated account manager for our organization? Dear support, ",General Inquiry,Medium
TKT-01385,Please prioritize this. Can you explain the extra fee on my ...,Please prioritize this. Can you explain the extra fee on my latest invoice? Looking forward to a quick resolution. ,Billing,Medium
TKT-01386,Client-facing demo is tomorrow and the trial environment is ...,Client-facing demo is tomorrow and the trial environment is not set up yet.,General Inquiry,High
TKT-01387,Looking forward to a quick resolution. I need to transfer ow...,"Looking forward to a quick resolution. I need to transfer ownership of this account to a colleague. Dear support, ",Account Access,Medium
TKT-01388,Multi-factor authentication is broken; I cannot receive any ...,Multi-factor authentication is broken; I cannot receive any verification codes.,Account Access,High
TKT-01389,Unauthorized charge on my account. I did not authorize this ...,Unauthorized charge on my account. I did not authorize this transaction at all.,Billing,High
TKT-01390,"Also, How do I update the payment method on file to a new cr...","Also, How do I update the payment method on file to a new credit card?",Billing,Medium
TKT-01391,Critical data loss after the latest update. We need recovery...,Critical data loss after the latest update. We need recovery immediately.,Technical,High
TKT-01392,Legal team requires your updated data processing agreement w...,Legal team requires your updated data processing agreement within 24 hours.,General Inquiry,High
TKT-01393,Is there an option to set a profile picture?,Is there an option to set a profile picture?,Account Access,Low
TKT-01394,"By the way, Application crashes on login for all users in ou...","By the way, Application crashes on login for all users in our organization.",Technical,High
TKT-01395,Do you have case studies from companies in the healthcare se...,Do you have case studies from companies in the healthcare sector? Please prioritize this. ,General Inquiry,Medium
TKT-01396,I was charged twice for my subscription this month and need ...,"I was charged twice for my subscription this month and need an immediate refund. Hi team, ",Billing,High
TKT-01397,File uploads fail silently when the file size exceeds 10 MB.,File uploads fail silently when the file size exceeds 10 MB.,Technical,Medium
TKT-01398,"Also, I forgot my password and the reset email goes to an ol...","Also, I forgot my password and the reset email goes to an old address.",Account Access,Medium
TKT-01399,What payment methods do you accept besides credit cards?,What payment methods do you accept besides credit cards?,Billing,Low
TKT-01400,I'd like to switch from monthly to annual billing. What are ...,I'd like to switch from monthly to annual billing. What are the steps?,Billing,Medium
TKT-01401,Legal team requires your updated data processing agreement w...,Legal team requires your updated data processing agreement within 24 hours.,General Inquiry,High
TKT-01402,The mobile app icon looks blurry on high-resolution screens.,The mobile app icon looks blurry on high-resolution screens.,Technical,Low
TKT-01403,Need a copy of my invoice from last quarter for tax purposes...,Need a copy of my invoice from last quarter for tax purposes.,Billing,Medium
TKT-01404,Appreciate your help. Multi-factor authentication is broken;...,Appreciate your help. Multi-factor authentication is broken; I cannot receive any verification codes.,Account Access,High
TKT-01405,Appreciate your help. I'm completely locked out after too ma...,Appreciate your help. I'm completely locked out after too many failed login attempts. Please unlock.,Account Access,High
TKT-01406,This is really frustrating. My admin privileges were revoked...,"This is really frustrating. My admin privileges were revoked and I can no longer manage our team. Hello, ",Account Access,High
TKT-01407,"Also, Push notifications are delayed by several hours on the...","Also, Push notifications are delayed by several hours on the mobile app.",Technical,Medium
TKT-01408,We've been waiting for days. Payment failed but money was de...,We've been waiting for days. Payment failed but money was deducted from my bank. Need resolution ASAP.,Billing,High
TKT-01409,I'm completely locked out after too many failed login attemp...,I'm completely locked out after too many failed login attempts. Please unlock. Urgent: ,Account Access,High
TKT-01410,Regulatory audit requires compliance documentation by end of...,Regulatory audit requires compliance documentation by end of day. Please expedite.,General Inquiry,High
TKT-01411,Regulatory audit requires compliance documentation by end of...,Regulatory audit requires compliance documentation by end of day. Please expedite.,General Inquiry,High
TKT-01412,Critical data loss after the latest update. We need recovery...,Critical data loss after the latest update. We need recovery immediately.,Technical,High
TKT-01413,Database sync is corrupted and none of our records are loadi...,Database sync is corrupted and none of our records are loading properly. This is really frustrating. ,Technical,High
TKT-01414,"Hi team, Multi-factor authentication is broken; I cannot rec...","Hi team, Multi-factor authentication is broken; I cannot receive any verification codes.",Account Access,High
TKT-01415,Regulatory audit requires compliance documentation by end of...,Regulatory audit requires compliance documentation by end of day. Please expedite.,General Inquiry,High
TKT-01416,"Dear support, My account has been locked and I cannot reset ...","Dear support, My account has been locked and I cannot reset my password. Need access now!",Account Access,High
TKT-01417,Where can I find my account ID or customer number?,Where can I find my account ID or customer number?,Account Access,Low
TKT-01418,Where can I find your community forum or user group? Thanks ...,Where can I find your community forum or user group? Thanks in advance. ,General Inquiry,Low
TKT-01419,I see a mysterious charge labeled 'premium upgrade' that I n...,I see a mysterious charge labeled 'premium upgrade' that I never requested. Urgent: ,Billing,High
TKT-01420,Looking forward to a quick resolution. Critical data loss af...,Looking forward to a quick resolution. Critical data loss after the latest update. We need recovery immediately.,Technical,High
TKT-01421,Where can I read your terms of service and privacy policy?,Where can I read your terms of service and privacy policy?,General Inquiry,Low
TKT-01422,Subscription auto-renewed after I explicitly opted out. Refu...,Subscription auto-renewed after I explicitly opted out. Refund required urgently. This is really frustrating. ,Billing,High
TKT-01423,I'm completely locked out after too many failed login attemp...,I'm completely locked out after too many failed login attempts. Please unlock.,Account Access,High
TKT-01424,I forgot my password and the reset email goes to an old addr...,I forgot my password and the reset email goes to an old address. Please prioritize this. ,Account Access,Medium
TKT-01425,Is there a mobile app available for Android? Hoping someone ...,Is there a mobile app available for Android? Hoping someone can assist. ,General Inquiry,Low
TKT-01426,Push notifications are delayed by several hours on the mobil...,Push notifications are delayed by several hours on the mobile app. Please prioritize this. ,Technical,Medium
TKT-01427,Is there a way to change the default font size in the dashbo...,Is there a way to change the default font size in the dashboard?,Technical,Low
TKT-01428,"Hello, Is there a way to change the default font size in the...","Hello, Is there a way to change the default font size in the dashboard?",Technical,Low
TKT-01429,Looking forward to a quick resolution. Duplicate billing on ...,Looking forward to a quick resolution. Duplicate billing on invoice #98321. Escalate this immediately.,Billing,High
TKT-01430,"Hello, Need a copy of my invoice from last quarter for tax p...","Hello, Need a copy of my invoice from last quarter for tax purposes. By the way, ",Billing,Medium
TKT-01431,Do you have case studies from companies in the healthcare se...,Do you have case studies from companies in the healthcare sector?,General Inquiry,Medium
TKT-01432,Do you have a referral program for existing customers?,Do you have a referral program for existing customers?,General Inquiry,Low
TKT-01433,Minor typo on the settings page: 'Notifcations' instead of '...,Minor typo on the settings page: 'Notifcations' instead of 'Notifications'.,Technical,Low
TKT-01434,"Hello, Account suspended without explanation. I have a clien...","Hello, Account suspended without explanation. I have a client demo in one hour!",Account Access,High
TKT-01435,How do I enable two-factor authentication for my account?,How do I enable two-factor authentication for my account?,Account Access,Medium
TKT-01436,What are the password complexity requirements?,What are the password complexity requirements?,Account Access,Low
TKT-01437,Please prioritize this. Can you provide a comparison between...,Please prioritize this. Can you provide a comparison between the Pro and Enterprise tiers?,General Inquiry,Medium
TKT-01438,Why was I charged a different amount than what's shown on th...,"Why was I charged a different amount than what's shown on the pricing page? By the way, ",Billing,Medium
TKT-01439,This is really frustrating. My promo code didn't apply at ch...,This is really frustrating. My promo code didn't apply at checkout. Can someone look into this? FYI — ,Billing,Medium
TKT-01440,Looking forward to a quick resolution. The entire platform i...,Looking forward to a quick resolution. The entire platform is down and our team cannot access any resources!,Technical,High
TKT-01441,"Dear support, What happens to my data if I miss a payment cy...","Dear support, What happens to my data if I miss a payment cycle?",Billing,Low
TKT-01442,"Also, Payment failed but money was deducted from my bank. Ne...","Also, Payment failed but money was deducted from my bank. Need resolution ASAP.",Billing,High
TKT-01443,Security vulnerability found. Sensitive customer data may be...,Security vulnerability found. Sensitive customer data may be exposed.,Technical,High
TKT-01444,What is the process for submitting a feature request?,What is the process for submitting a feature request?,General Inquiry,Medium
TKT-01445,Where do I manage email notification preferences?,Where do I manage email notification preferences?,Account Access,Low
TKT-01446,Search functionality returns irrelevant results for exact-ma...,"Search functionality returns irrelevant results for exact-match queries. Hello, ",Technical,Medium
TKT-01447,Urgent: The dashboard loads very slowly — takes over 30 seco...,Urgent: The dashboard loads very slowly — takes over 30 seconds every time.,Technical,Medium
TKT-01448,What payment methods do you accept besides credit cards? FYI...,What payment methods do you accept besides credit cards? FYI — ,Billing,Low
TKT-01449,"By the way, Are there any upcoming webinars or online events...","By the way, Are there any upcoming webinars or online events we can join? Hello, ",General Inquiry,Low
TKT-01450,Regulatory audit requires compliance documentation by end of...,Regulatory audit requires compliance documentation by end of day. Please expedite.,General Inquiry,High
TKT-01451,The entire platform is down and our team cannot access any r...,The entire platform is down and our team cannot access any resources!,Technical,High
TKT-01452,Do you offer any nonprofit pricing or special plans?,Do you offer any nonprofit pricing or special plans?,Billing,Low
TKT-01453,"Also, What are the password complexity requirements?","Also, What are the password complexity requirements?",Account Access,Low
TKT-01454,I need to transfer ownership of this account to a colleague.,I need to transfer ownership of this account to a colleague.,Account Access,Medium
TKT-01455,Just wondering when the next billing cycle starts.,Just wondering when the next billing cycle starts.,Billing,Low
TKT-01456,Can I use a passkey instead of a traditional password? Pleas...,Can I use a passkey instead of a traditional password? Please prioritize this. ,Account Access,Low
TKT-01457,Search functionality returns irrelevant results for exact-ma...,Search functionality returns irrelevant results for exact-match queries.,Technical,Medium
TKT-01458,I changed my email and now I can't verify my identity.,I changed my email and now I can't verify my identity.,Account Access,Medium
TKT-01459,Unauthorized charge on my account. I did not authorize this ...,"Unauthorized charge on my account. I did not authorize this transaction at all. Also, ",Billing,High
TKT-01460,Multi-factor authentication is broken; I cannot receive any ...,"Multi-factor authentication is broken; I cannot receive any verification codes. Also, ",Account Access,High
TKT-01461,Need an emergency meeting with your solutions architect befo...,Need an emergency meeting with your solutions architect before our board call. Please prioritize this. ,General Inquiry,High
TKT-01462,Thanks in advance. Push notifications are delayed by several...,Thanks in advance. Push notifications are delayed by several hours on the mobile app.,Technical,Medium
TKT-01463,Can you provide a comparison between the Pro and Enterprise ...,Can you provide a comparison between the Pro and Enterprise tiers?,General Inquiry,Medium
TKT-01464,I changed my email and now I can't verify my identity.,I changed my email and now I can't verify my identity.,Account Access,Medium
TKT-01465,This is really frustrating. Duplicate billing on invoice #98...,This is really frustrating. Duplicate billing on invoice #98321. Escalate this immediately.,Billing,High
TKT-01466,Urgent: Can you add an option to sort tickets by creation da...,Urgent: Can you add an option to sort tickets by creation date in ascending order?,Technical,Low
TKT-01467,Two-factor authentication emails are arriving with a 15-minu...,Two-factor authentication emails are arriving with a 15-minute delay. This is really frustrating. ,Technical,Medium
TKT-01468,How do I add a new team member to our company account? Hopin...,How do I add a new team member to our company account? Hoping someone can assist. ,Account Access,Medium
TKT-01469,Can I provide feedback on a recent support interaction?,Can I provide feedback on a recent support interaction?,General Inquiry,Low
TKT-01470,Urgent: Our contract expires tomorrow and we haven't receive...,Urgent: Our contract expires tomorrow and we haven't received the renewal terms yet.,General Inquiry,High
TKT-01471,Appreciate your help. Can I use a passkey instead of a tradi...,Appreciate your help. Can I use a passkey instead of a traditional password?,Account Access,Low
TKT-01472,Can you explain the extra fee on my latest invoice?,Can you explain the extra fee on my latest invoice?,Billing,Medium
TKT-01473,I'm completely locked out after too many failed login attemp...,I'm completely locked out after too many failed login attempts. Please unlock.,Account Access,High
TKT-01474,"Hi team, Is there a student discount available for the premi...","Hi team, Is there a student discount available for the premium plan? Dear support, ",Billing,Low
TKT-01475,Payment failed but money was deducted from my bank. Need res...,Payment failed but money was deducted from my bank. Need resolution ASAP.,Billing,High
TKT-01476,Hoping someone can assist. Where do I manage email notificat...,Hoping someone can assist. Where do I manage email notification preferences? Urgent: ,Account Access,Low
TKT-01477,Looking forward to a quick resolution. Two-factor authentica...,Looking forward to a quick resolution. Two-factor authentication emails are arriving with a 15-minute delay.,Technical,Medium
TKT-01478,I'm completely locked out after too many failed login attemp...,I'm completely locked out after too many failed login attempts. Please unlock.,Account Access,High
TKT-01479,Urgent: The entire platform is down and our team cannot acce...,Urgent: The entire platform is down and our team cannot access any resources!,Technical,High
TKT-01480,The discount I was promised during sign-up isn't reflected o...,The discount I was promised during sign-up isn't reflected on my bill.,Billing,Medium
TKT-01481,Two-factor authentication emails are arriving with a 15-minu...,Two-factor authentication emails are arriving with a 15-minute delay.,Technical,Medium
TKT-01482,Is there a way to change the default font size in the dashbo...,"Is there a way to change the default font size in the dashboard? Also, ",Technical,Low
TKT-01483,Do you offer any nonprofit pricing or special plans?,Do you offer any nonprofit pricing or special plans?,Billing,Low
TKT-01484,"Hello, Can you add keyboard shortcuts for the most common ac...","Hello, Can you add keyboard shortcuts for the most common actions?",Technical,Low
TKT-01485,Thanks in advance. Is there a way to change the default font...,Thanks in advance. Is there a way to change the default font size in the dashboard?,Technical,Low
TKT-01486,Need a copy of my invoice from last quarter for tax purposes...,"Need a copy of my invoice from last quarter for tax purposes. By the way, ",Billing,Medium
TKT-01487,Regulatory audit requires compliance documentation by end of...,Regulatory audit requires compliance documentation by end of day. Please expedite.,General Inquiry,High
TKT-01488,This is really frustrating. Where can I find the latest prod...,This is really frustrating. Where can I find the latest product documentation and release notes?,General Inquiry,Medium
TKT-01489,The discount I was promised during sign-up isn't reflected o...,The discount I was promised during sign-up isn't reflected on my bill. Thanks in advance. ,Billing,Medium
TKT-01490,File uploads fail silently when the file size exceeds 10 MB.,File uploads fail silently when the file size exceeds 10 MB.,Technical,Medium
TKT-01491,Thanks in advance. Where can I download old receipts from my...,Thanks in advance. Where can I download old receipts from my account? Please note: ,Billing,Low
TKT-01492,Can I change the display name shown on my profile?,Can I change the display name shown on my profile?,Account Access,Low
TKT-01493,My promo code didn't apply at checkout. Can someone look int...,My promo code didn't apply at checkout. Can someone look into this?,Billing,Medium
TKT-01494,"Dear support, File uploads fail silently when the file size ...","Dear support, File uploads fail silently when the file size exceeds 10 MB.",Technical,Medium
TKT-01495,Urgent: Legal team requires your updated data processing agr...,Urgent: Legal team requires your updated data processing agreement within 24 hours. We've been waiting for days. ,General Inquiry,High
TKT-01496,This is really frustrating. Need a copy of my invoice from l...,This is really frustrating. Need a copy of my invoice from last quarter for tax purposes. Please note: ,Billing,Medium
TKT-01497,"By the way, Search functionality returns irrelevant results ...","By the way, Search functionality returns irrelevant results for exact-match queries.",Technical,Medium
TKT-01498,"Dear support, I'd like to switch from monthly to annual bill...","Dear support, I'd like to switch from monthly to annual billing. What are the steps?",Billing,Medium
TKT-01499,Hoping someone can assist. I cancelled my plan last week but...,Hoping someone can assist. I cancelled my plan last week but was still charged the full annual fee today.,Billing,High
TKT-01500,We are evaluating your product for a 5000-seat enterprise de...,We are evaluating your product for a 5000-seat enterprise deal. Need info ASAP.,General Inquiry,High
